model_name,policy,layer,rows,call_rate,decision_mean_utility,utility_capture_rate,precision,unhelpful_call_cost_sum,unhelpful_call_rows
lda_classifier__baseline,global_penalty_1,overall,64800,0.03783950617283951,0.004324970767963681,0.5610328332488974,0.3128058727569331,136.61090851096142,1685
lda_classifier__baseline,global_penalty_1,same_algorithm,48240,0.0345771144278607,-0.0027354376505614084,0.02680751347278049,0.017985611510791366,135.5993695118166,1638
lda_classifier__baseline,global_penalty_1,dimension_40,21600,0.038009259259259257,-0.003204236154979603,0.3304404576390756,0.11084043848964677,99.03756569421853,730
lda_classifier__baseline,global_penalty_1,FE_ratio_025_035,25920,0.042283950617283954,-0.0026505899307581625,0.013103840600185719,0.01551094890510949,70.35067479733388,1079
lda_classifier__baseline,global_penalty_1.5,overall,64800,3.08641975308642e-05,-7.911934527161153e-07,0.0,0.0,0.05126933573600427,2
lda_classifier__baseline,global_penalty_1.5,same_algorithm,48240,4.145936981757877e-05,-1.062797175290304e-06,0.0,0.0,0.05126933573600427,2
lda_classifier__baseline,global_penalty_1.5,dimension_40,21600,0.0,0.0,0.0,0.0,-0.0,0
lda_classifier__baseline,global_penalty_1.5,FE_ratio_025_035,25920,7.716049382716049e-05,-1.977983631790288e-06,0.0,0.0,0.05126933573600427,2
lda_classifier__baseline,global_penalty_2,overall,64800,3.08641975308642e-05,-7.911934527161153e-07,0.0,0.0,0.05126933573600427,2
lda_classifier__baseline,global_penalty_2,same_algorithm,48240,4.145936981757877e-05,-1.062797175290304e-06,0.0,0.0,0.05126933573600427,2
lda_classifier__baseline,global_penalty_2,dimension_40,21600,0.0,0.0,0.0,0.0,-0.0,0
lda_classifier__baseline,global_penalty_2,FE_ratio_025_035,25920,7.716049382716049e-05,-1.977983631790288e-06,0.0,0.0,0.05126933573600427,2
lda_classifier__baseline,global_penalty_3,overall,64800,3.08641975308642e-05,-7.911934527161153e-07,0.0,0.0,0.05126933573600427,2
lda_classifier__baseline,global_penalty_3,same_algorithm,48240,4.145936981757877e-05,-1.062797175290304e-06,0.0,0.0,0.05126933573600427,2
lda_classifier__baseline,global_penalty_3,dimension_40,21600,0.0,0.0,0.0,0.0,-0.0,0
lda_classifier__baseline,global_penalty_3,FE_ratio_025_035,25920,7.716049382716049e-05,-1.977983631790288e-06,0.0,0.0,0.05126933573600427,2
lda_classifier__baseline,maturity3_penalty_1,overall,64800,0.03783950617283951,0.004324970767963681,0.5610328332488974,0.3128058727569331,136.61090851096142,1685
lda_classifier__baseline,maturity3_penalty_1,same_algorithm,48240,0.0345771144278607,-0.0027354376505614084,0.02680751347278049,0.017985611510791366,135.5993695118166,1638
lda_classifier__baseline,maturity3_penalty_1,dimension_40,21600,0.038009259259259257,-0.003204236154979603,0.3304404576390756,0.11084043848964677,99.03756569421853,730
lda_classifier__baseline,maturity3_penalty_1,FE_ratio_025_035,25920,0.042283950617283954,-0.0026505899307581625,0.013103840600185719,0.01551094890510949,70.35067479733388,1079
lda_classifier__baseline,maturity3_penalty_1.5,overall,64800,3.08641975308642e-05,-7.911934527161153e-07,0.0,0.0,0.05126933573600427,2
lda_classifier__baseline,maturity3_penalty_1.5,same_algorithm,48240,4.145936981757877e-05,-1.062797175290304e-06,0.0,0.0,0.05126933573600427,2
lda_classifier__baseline,maturity3_penalty_1.5,dimension_40,21600,0.0,0.0,0.0,0.0,-0.0,0
lda_classifier__baseline,maturity3_penalty_1.5,FE_ratio_025_035,25920,7.716049382716049e-05,-1.977983631790288e-06,0.0,0.0,0.05126933573600427,2
lda_classifier__baseline,maturity3_penalty_2,overall,64800,3.08641975308642e-05,-7.911934527161153e-07,0.0,0.0,0.05126933573600427,2
lda_classifier__baseline,maturity3_penalty_2,same_algorithm,48240,4.145936981757877e-05,-1.062797175290304e-06,0.0,0.0,0.05126933573600427,2
lda_classifier__baseline,maturity3_penalty_2,dimension_40,21600,0.0,0.0,0.0,0.0,-0.0,0
lda_classifier__baseline,maturity3_penalty_2,FE_ratio_025_035,25920,7.716049382716049e-05,-1.977983631790288e-06,0.0,0.0,0.05126933573600427,2
lda_classifier__baseline,maturity3_penalty_3,overall,64800,3.08641975308642e-05,-7.911934527161153e-07,0.0,0.0,0.05126933573600427,2
lda_classifier__baseline,maturity3_penalty_3,same_algorithm,48240,4.145936981757877e-05,-1.062797175290304e-06,0.0,0.0,0.05126933573600427,2
lda_classifier__baseline,maturity3_penalty_3,dimension_40,21600,0.0,0.0,0.0,0.0,-0.0,0
lda_classifier__baseline,maturity3_penalty_3,FE_ratio_025_035,25920,7.716049382716049e-05,-1.977983631790288e-06,0.0,0.0,0.05126933573600427,2
lda_classifier__best_candidate,global_penalty_1,overall,64800,0.03746913580246913,0.004358200203289918,0.5609896149587004,0.31507413509060955,134.4255282468059,1663
lda_classifier__best_candidate,global_penalty_1,same_algorithm,48240,0.034203980099502485,-0.002695316364512492,0.02680751347278049,0.01818181818181818,133.6639186728169,1620
lda_classifier__best_candidate,global_penalty_1,dimension_40,21600,0.037453703703703704,-0.00312742126409124,0.33008468202477553,0.1100123609394314,97.34625119601445,720
lda_classifier__best_candidate,global_penalty_1,FE_ratio_025_035,25920,0.04162808641975309,-0.0025882606583602975,0.013103840600185719,0.015755329008341055,68.7351000567812,1062
lda_classifier__best_candidate,global_penalty_1.5,overall,64800,1.54320987654321e-05,-2.255713885782998e-06,0.0,0.0,0.14617025979873827,1
lda_classifier__best_candidate,global_penalty_1.5,same_algorithm,48240,2.0729684908789386e-05,-3.0300634286637286e-06,0.0,0.0,0.14617025979873827,1
lda_classifier__best_candidate,global_penalty_1.5,dimension_40,21600,4.6296296296296294e-05,-6.7671416573489935e-06,0.0,0.0,0.14617025979873827,1
lda_classifier__best_candidate,global_penalty_1.5,FE_ratio_025_035,25920,0.0,0.0,0.0,0.0,-0.0,0
lda_classifier__best_candidate,global_penalty_2,overall,64800,1.54320987654321e-05,-2.255713885782998e-06,0.0,0.0,0.14617025979873827,1
lda_classifier__best_candidate,global_penalty_2,same_algorithm,48240,2.0729684908789386e-05,-3.0300634286637286e-06,0.0,0.0,0.14617025979873827,1
lda_classifier__best_candidate,global_penalty_2,dimension_40,21600,4.6296296296296294e-05,-6.7671416573489935e-06,0.0,0.0,0.14617025979873827,1
lda_classifier__best_candidate,global_penalty_2,FE_ratio_025_035,25920,0.0,0.0,0.0,0.0,-0.0,0
lda_classifier__best_candidate,global_penalty_3,overall,64800,1.54320987654321e-05,-2.255713885782998e-06,0.0,0.0,0.14617025979873827,1
lda_classifier__best_candidate,global_penalty_3,same_algorithm,48240,2.0729684908789386e-05,-3.0300634286637286e-06,0.0,0.0,0.14617025979873827,1
lda_classifier__best_candidate,global_penalty_3,dimension_40,21600,4.6296296296296294e-05,-6.7671416573489935e-06,0.0,0.0,0.14617025979873827,1
lda_classifier__best_candidate,global_penalty_3,FE_ratio_025_035,25920,0.0,0.0,0.0,0.0,-0.0,0
lda_classifier__best_candidate,maturity3_penalty_1,overall,64800,0.03746913580246913,0.004358200203289918,0.5609896149587004,0.31507413509060955,134.4255282468059,1663
lda_classifier__best_candidate,maturity3_penalty_1,same_algorithm,48240,0.034203980099502485,-0.002695316364512492,0.02680751347278049,0.01818181818181818,133.6639186728169,1620
lda_classifier__best_candidate,maturity3_penalty_1,dimension_40,21600,0.037453703703703704,-0.00312742126409124,0.33008468202477553,0.1100123609394314,97.34625119601445,720
lda_classifier__best_candidate,maturity3_penalty_1,FE_ratio_025_035,25920,0.04162808641975309,-0.0025882606583602975,0.013103840600185719,0.015755329008341055,68.7351000567812,1062
lda_classifier__best_candidate,maturity3_penalty_1.5,overall,64800,1.54320987654321e-05,-2.255713885782998e-06,0.0,0.0,0.14617025979873827,1
lda_classifier__best_candidate,maturity3_penalty_1.5,same_algorithm,48240,2.0729684908789386e-05,-3.0300634286637286e-06,0.0,0.0,0.14617025979873827,1
lda_classifier__best_candidate,maturity3_penalty_1.5,dimension_40,21600,4.6296296296296294e-05,-6.7671416573489935e-06,0.0,0.0,0.14617025979873827,1
lda_classifier__best_candidate,maturity3_penalty_1.5,FE_ratio_025_035,25920,0.0,0.0,0.0,0.0,-0.0,0
lda_classifier__best_candidate,maturity3_penalty_2,overall,64800,1.54320987654321e-05,-2.255713885782998e-06,0.0,0.0,0.14617025979873827,1
lda_classifier__best_candidate,maturity3_penalty_2,same_algorithm,48240,2.0729684908789386e-05,-3.0300634286637286e-06,0.0,0.0,0.14617025979873827,1
lda_classifier__best_candidate,maturity3_penalty_2,dimension_40,21600,4.6296296296296294e-05,-6.7671416573489935e-06,0.0,0.0,0.14617025979873827,1
lda_classifier__best_candidate,maturity3_penalty_2,FE_ratio_025_035,25920,0.0,0.0,0.0,0.0,-0.0,0
lda_classifier__best_candidate,maturity3_penalty_3,overall,64800,1.54320987654321e-05,-2.255713885782998e-06,0.0,0.0,0.14617025979873827,1
lda_classifier__best_candidate,maturity3_penalty_3,same_algorithm,48240,2.0729684908789386e-05,-3.0300634286637286e-06,0.0,0.0,0.14617025979873827,1
lda_classifier__best_candidate,maturity3_penalty_3,dimension_40,21600,4.6296296296296294e-05,-6.7671416573489935e-06,0.0,0.0,0.14617025979873827,1
lda_classifier__best_candidate,maturity3_penalty_3,FE_ratio_025_035,25920,0.0,0.0,0.0,0.0,-0.0,0
softmax_logistic_classifier__baseline,global_penalty_1,overall,64800,0.037253086419753084,0.004086558466244095,0.5435198128440202,0.30654515327257664,139.04717664447872,1674
softmax_logistic_classifier__baseline,global_penalty_1,same_algorithm,48240,0.034328358208955224,-0.0027990419155546446,0.02233544619874329,0.016304347826086956,138.06009948325297,1629
softmax_logistic_classifier__baseline,global_penalty_1,dimension_40,21600,0.038842592592592595,-0.0033450949211268582,0.33008468202477553,0.10607866507747318,102.04800218798381,750
softmax_logistic_classifier__baseline,global_penalty_1,FE_ratio_025_035,25920,0.042708333333333334,-0.0028024166862512484,0.012672896721378708,0.014453477868112014,74.23184705634726,1091
softmax_logistic_classifier__baseline,global_penalty_1.5,overall,64800,0.0,0.0,0.0,0.0,-0.0,0
softmax_logistic_classifier__baseline,global_penalty_1.5,same_algorithm,48240,0.0,0.0,0.0,0.0,-0.0,0
softmax_logistic_classifier__baseline,global_penalty_1.5,dimension_40,21600,0.0,0.0,0.0,0.0,-0.0,0
softmax_logistic_classifier__baseline,global_penalty_1.5,FE_ratio_025_035,25920,0.0,0.0,0.0,0.0,-0.0,0
softmax_logistic_classifier__baseline,global_penalty_2,overall,64800,0.0,0.0,0.0,0.0,-0.0,0
softmax_logistic_classifier__baseline,global_penalty_2,same_algorithm,48240,0.0,0.0,0.0,0.0,-0.0,0
softmax_logistic_classifier__baseline,global_penalty_2,dimension_40,21600,0.0,0.0,0.0,0.0,-0.0,0
softmax_logistic_classifier__baseline,global_penalty_2,FE_ratio_025_035,25920,0.0,0.0,0.0,0.0,-0.0,0
softmax_logistic_classifier__baseline,global_penalty_3,overall,64800,0.0,0.0,0.0,0.0,-0.0,0
softmax_logistic_classifier__baseline,global_penalty_3,same_algorithm,48240,0.0,0.0,0.0,0.0,-0.0,0
softmax_logistic_classifier__baseline,global_penalty_3,dimension_40,21600,0.0,0.0,0.0,0.0,-0.0,0
softmax_logistic_classifier__baseline,global_penalty_3,FE_ratio_025_035,25920,0.0,0.0,0.0,0.0,-0.0,0
softmax_logistic_classifier__baseline,maturity3_penalty_1,overall,64800,0.037253086419753084,0.004086558466244095,0.5435198128440202,0.30654515327257664,139.04717664447872,1674
softmax_logistic_classifier__baseline,maturity3_penalty_1,same_algorithm,48240,0.034328358208955224,-0.0027990419155546446,0.02233544619874329,0.016304347826086956,138.06009948325297,1629
softmax_logistic_classifier__baseline,maturity3_penalty_1,dimension_40,21600,0.038842592592592595,-0.0033450949211268582,0.33008468202477553,0.10607866507747318,102.04800218798381,750
softmax_logistic_classifier__baseline,maturity3_penalty_1,FE_ratio_025_035,25920,0.042708333333333334,-0.0028024166862512484,0.012672896721378708,0.014453477868112014,74.23184705634726,1091
softmax_logistic_classifier__baseline,maturity3_penalty_1.5,overall,64800,0.0,0.0,0.0,0.0,-0.0,0
softmax_logistic_classifier__baseline,maturity3_penalty_1.5,same_algorithm,48240,0.0,0.0,0.0,0.0,-0.0,0
softmax_logistic_classifier__baseline,maturity3_penalty_1.5,dimension_40,21600,0.0,0.0,0.0,0.0,-0.0,0
softmax_logistic_classifier__baseline,maturity3_penalty_1.5,FE_ratio_025_035,25920,0.0,0.0,0.0,0.0,-0.0,0
softmax_logistic_classifier__baseline,maturity3_penalty_2,overall,64800,0.0,0.0,0.0,0.0,-0.0,0
softmax_logistic_classifier__baseline,maturity3_penalty_2,same_algorithm,48240,0.0,0.0,0.0,0.0,-0.0,0
softmax_logistic_classifier__baseline,maturity3_penalty_2,dimension_40,21600,0.0,0.0,0.0,0.0,-0.0,0
softmax_logistic_classifier__baseline,maturity3_penalty_2,FE_ratio_025_035,25920,0.0,0.0,0.0,0.0,-0.0,0
softmax_logistic_classifier__baseline,maturity3_penalty_3,overall,64800,0.0,0.0,0.0,0.0,-0.0,0
softmax_logistic_classifier__baseline,maturity3_penalty_3,same_algorithm,48240,0.0,0.0,0.0,0.0,-0.0,0
softmax_logistic_classifier__baseline,maturity3_penalty_3,dimension_40,21600,0.0,0.0,0.0,0.0,-0.0,0
softmax_logistic_classifier__baseline,maturity3_penalty_3,FE_ratio_025_035,25920,0.0,0.0,0.0,0.0,-0.0,0
softmax_logistic_classifier__best_candidate,global_penalty_1,overall,64800,0.03726851851851852,0.004119189127453949,0.5455379751268944,0.3072463768115942,138.43228214331504,1673
softmax_logistic_classifier__best_candidate,global_penalty_1,same_algorithm,48240,0.03434908789386401,-0.0027834145191713336,0.02377919855549593,0.016898008449004225,137.5023706846059,1629
softmax_logistic_classifier__best_candidate,global_penalty_1,dimension_40,21600,0.03875,-0.0033300632043954895,0.33008468202477553,0.1063321385902031,101.72331710658625,748
softmax_logistic_classifier__best_candidate,global_penalty_1,FE_ratio_025_035,25920,0.042631172839506175,-0.002768700799056256,0.014233034324512027,0.015384615384615385,73.55406806313692,1088
softmax_logistic_classifier__best_candidate,global_penalty_1.5,overall,64800,0.0,0.0,0.0,0.0,-0.0,0
softmax_logistic_classifier__best_candidate,global_penalty_1.5,same_algorithm,48240,0.0,0.0,0.0,0.0,-0.0,0
softmax_logistic_classifier__best_candidate,global_penalty_1.5,dimension_40,21600,0.0,0.0,0.0,0.0,-0.0,0
softmax_logistic_classifier__best_candidate,global_penalty_1.5,FE_ratio_025_035,25920,0.0,0.0,0.0,0.0,-0.0,0
softmax_logistic_classifier__best_candidate,global_penalty_2,overall,64800,0.0,0.0,0.0,0.0,-0.0,0
softmax_logistic_classifier__best_candidate,global_penalty_2,same_algorithm,48240,0.0,0.0,0.0,0.0,-0.0,0
softmax_logistic_classifier__best_candidate,global_penalty_2,dimension_40,21600,0.0,0.0,0.0,0.0,-0.0,0
softmax_logistic_classifier__best_candidate,global_penalty_2,FE_ratio_025_035,25920,0.0,0.0,0.0,0.0,-0.0,0
softmax_logistic_classifier__best_candidate,global_penalty_3,overall,64800,0.0,0.0,0.0,0.0,-0.0,0
softmax_logistic_classifier__best_candidate,global_penalty_3,same_algorithm,48240,0.0,0.0,0.0,0.0,-0.0,0
softmax_logistic_classifier__best_candidate,global_penalty_3,dimension_40,21600,0.0,0.0,0.0,0.0,-0.0,0
softmax_logistic_classifier__best_candidate,global_penalty_3,FE_ratio_025_035,25920,0.0,0.0,0.0,0.0,-0.0,0
softmax_logistic_classifier__best_candidate,maturity3_penalty_1,overall,64800,0.03726851851851852,0.004119189127453949,0.5455379751268944,0.3072463768115942,138.43228214331504,1673
softmax_logistic_classifier__best_candidate,maturity3_penalty_1,same_algorithm,48240,0.03434908789386401,-0.0027834145191713336,0.02377919855549593,0.016898008449004225,137.5023706846059,1629
softmax_logistic_classifier__best_candidate,maturity3_penalty_1,dimension_40,21600,0.03875,-0.0033300632043954895,0.33008468202477553,0.1063321385902031,101.72331710658625,748
softmax_logistic_classifier__best_candidate,maturity3_penalty_1,FE_ratio_025_035,25920,0.042631172839506175,-0.002768700799056256,0.014233034324512027,0.015384615384615385,73.55406806313692,1088
softmax_logistic_classifier__best_candidate,maturity3_penalty_1.5,overall,64800,0.0,0.0,0.0,0.0,-0.0,0
softmax_logistic_classifier__best_candidate,maturity3_penalty_1.5,same_algorithm,48240,0.0,0.0,0.0,0.0,-0.0,0
softmax_logistic_classifier__best_candidate,maturity3_penalty_1.5,dimension_40,21600,0.0,0.0,0.0,0.0,-0.0,0
softmax_logistic_classifier__best_candidate,maturity3_penalty_1.5,FE_ratio_025_035,25920,0.0,0.0,0.0,0.0,-0.0,0
softmax_logistic_classifier__best_candidate,maturity3_penalty_2,overall,64800,0.0,0.0,0.0,0.0,-0.0,0
softmax_logistic_classifier__best_candidate,maturity3_penalty_2,same_algorithm,48240,0.0,0.0,0.0,0.0,-0.0,0
softmax_logistic_classifier__best_candidate,maturity3_penalty_2,dimension_40,21600,0.0,0.0,0.0,0.0,-0.0,0
softmax_logistic_classifier__best_candidate,maturity3_penalty_2,FE_ratio_025_035,25920,0.0,0.0,0.0,0.0,-0.0,0
softmax_logistic_classifier__best_candidate,maturity3_penalty_3,overall,64800,0.0,0.0,0.0,0.0,-0.0,0
softmax_logistic_classifier__best_candidate,maturity3_penalty_3,same_algorithm,48240,0.0,0.0,0.0,0.0,-0.0,0
softmax_logistic_classifier__best_candidate,maturity3_penalty_3,dimension_40,21600,0.0,0.0,0.0,0.0,-0.0,0
softmax_logistic_classifier__best_candidate,maturity3_penalty_3,FE_ratio_025_035,25920,0.0,0.0,0.0,0.0,-0.0,0
linear_svm_classifier__baseline,global_penalty_1,overall,64800,0.035972222222222225,0.003984382703588915,0.5292369546763008,0.30673530673530675,135.05545206181313,1616
linear_svm_classifier__baseline,global_penalty_1,same_algorithm,48240,0.033146766169154226,-0.0027257188289049055,0.020032348056674247,0.014383989993746092,134.2101130428847,1576
linear_svm_classifier__baseline,global_penalty_1,dimension_40,21600,0.03819444444444445,-0.0032500042816826272,0.33008468202477553,0.10787878787878788,99.99404437598841,736
linear_svm_classifier__baseline,global_penalty_1,FE_ratio_025_035,25920,0.04104938271604938,-0.0026819106369510032,0.012414913482655283,0.014097744360902255,71.0758972169768,1049
linear_svm_classifier__baseline,global_penalty_1.5,overall,64800,0.026049382716049382,0.002211832560643857,0.34332491223172434,0.278436018957346,111.77688974371222,1218
linear_svm_classifier__baseline,global_penalty_1.5,same_algorithm,48240,0.024813432835820895,-0.002269005303839308,0.012205217511130054,0.007518796992481203,111.1149203998179,1188
linear_svm_classifier__baseline,global_penalty_1.5,dimension_40,21600,0.03439814814814815,-0.002796446522665694,0.30927400943635036,0.11440107671601615,88.31879341476244,658
linear_svm_classifier__baseline,global_penalty_1.5,FE_ratio_025_035,25920,0.029861111111111113,-0.0021460624464509793,0.006936162354414306,0.006459948320413436,56.49793650869867,769
linear_svm_classifier__baseline,global_penalty_2,overall,64800,0.0,0.0,0.0,0.0,-0.0,0
linear_svm_classifier__baseline,global_penalty_2,same_algorithm,48240,0.0,0.0,0.0,0.0,-0.0,0
linear_svm_classifier__baseline,global_penalty_2,dimension_40,21600,0.0,0.0,0.0,0.0,-0.0,0
linear_svm_classifier__baseline,global_penalty_2,FE_ratio_025_035,25920,0.0,0.0,0.0,0.0,-0.0,0
linear_svm_classifier__baseline,global_penalty_3,overall,64800,0.0,0.0,0.0,0.0,-0.0,0
linear_svm_classifier__baseline,global_penalty_3,same_algorithm,48240,0.0,0.0,0.0,0.0,-0.0,0
linear_svm_classifier__baseline,global_penalty_3,dimension_40,21600,0.0,0.0,0.0,0.0,-0.0,0
linear_svm_classifier__baseline,global_penalty_3,FE_ratio_025_035,25920,0.0,0.0,0.0,0.0,-0.0,0
linear_svm_classifier__baseline,maturity3_penalty_1,overall,64800,0.035972222222222225,0.003984382703588915,0.5292369546763008,0.30673530673530675,135.05545206181313,1616
linear_svm_classifier__baseline,maturity3_penalty_1,same_algorithm,48240,0.033146766169154226,-0.0027257188289049055,0.020032348056674247,0.014383989993746092,134.2101130428847,1576
linear_svm_classifier__baseline,maturity3_penalty_1,dimension_40,21600,0.03819444444444445,-0.0032500042816826272,0.33008468202477553,0.10787878787878788,99.99404437598841,736
linear_svm_classifier__baseline,maturity3_penalty_1,FE_ratio_025_035,25920,0.04104938271604938,-0.0026819106369510032,0.012414913482655283,0.014097744360902255,71.0758972169768,1049
linear_svm_classifier__baseline,maturity3_penalty_1.5,overall,64800,0.026049382716049382,0.002211832560643857,0.34332491223172434,0.278436018957346,111.77688974371222,1218
linear_svm_classifier__baseline,maturity3_penalty_1.5,same_algorithm,48240,0.024813432835820895,-0.002269005303839308,0.012205217511130054,0.007518796992481203,111.1149203998179,1188
linear_svm_classifier__baseline,maturity3_penalty_1.5,dimension_40,21600,0.03439814814814815,-0.002796446522665694,0.30927400943635036,0.11440107671601615,88.31879341476244,658
linear_svm_classifier__baseline,maturity3_penalty_1.5,FE_ratio_025_035,25920,0.029861111111111113,-0.0021460624464509793,0.006936162354414306,0.006459948320413436,56.49793650869867,769
linear_svm_classifier__baseline,maturity3_penalty_2,overall,64800,0.0,0.0,0.0,0.0,-0.0,0
linear_svm_classifier__baseline,maturity3_penalty_2,same_algorithm,48240,0.0,0.0,0.0,0.0,-0.0,0
linear_svm_classifier__baseline,maturity3_penalty_2,dimension_40,21600,0.0,0.0,0.0,0.0,-0.0,0
linear_svm_classifier__baseline,maturity3_penalty_2,FE_ratio_025_035,25920,0.0,0.0,0.0,0.0,-0.0,0
linear_svm_classifier__baseline,maturity3_penalty_3,overall,64800,0.0,0.0,0.0,0.0,-0.0,0
linear_svm_classifier__baseline,maturity3_penalty_3,same_algorithm,48240,0.0,0.0,0.0,0.0,-0.0,0
linear_svm_classifier__baseline,maturity3_penalty_3,dimension_40,21600,0.0,0.0,0.0,0.0,-0.0,0
linear_svm_classifier__baseline,maturity3_penalty_3,FE_ratio_025_035,25920,0.0,0.0,0.0,0.0,-0.0,0
linear_svm_classifier__best_candidate,global_penalty_1,overall,64800,0.038287037037037036,0.004230741122249893,0.5596279778139582,0.3067311567916163,141.6731278295249,1720
linear_svm_classifier__best_candidate,global_penalty_1,same_algorithm,48240,0.035281923714759536,-0.002838824056661468,0.02680751347278049,0.01762632197414806,140.5867297420835,1672
linear_svm_classifier__best_candidate,global_penalty_1,dimension_40,21600,0.03939814814814815,-0.003427096879976009,0.33008468202477553,0.1045828437132785,103.81924449912546,762
linear_svm_classifier__best_candidate,global_penalty_1,FE_ratio_025_035,25920,0.04359567901234568,-0.0028372101811771455,0.013103840600185719,0.01504424778761062,75.18787168819392,1113
linear_svm_classifier__best_candidate,global_penalty_1.5,overall,64800,0.03712962962962963,0.004327799348166613,0.5563979438265756,0.31379883624272653,132.98371506945563,1651
linear_svm_classifier__best_candidate,global_penalty_1.5,same_algorithm,48240,0.03391376451077944,-0.0026648822394643662,0.026550015104837565,0.017726161369193152,132.16079478408463,1607
linear_svm_classifier__best_candidate,global_penalty_1.5,dimension_40,21600,0.037175925925925925,-0.0030714742159749396,0.33008468202477553,0.11083437110834371,96.13779495670236,714
linear_svm_classifier__best_candidate,global_penalty_1.5,FE_ratio_025_035,25920,0.041589506172839505,-0.0025902834446037866,0.013103840600185719,0.015769944341372914,68.78753067621247,1061
linear_svm_classifier__best_candidate,global_penalty_2,overall,64800,3.08641975308642e-05,-7.911934527161153e-07,0.0,0.0,0.05126933573600427,2
linear_svm_classifier__best_candidate,global_penalty_2,same_algorithm,48240,4.145936981757877e-05,-1.062797175290304e-06,0.0,0.0,0.05126933573600427,2
linear_svm_classifier__best_candidate,global_penalty_2,dimension_40,21600,0.0,0.0,0.0,0.0,-0.0,0
linear_svm_classifier__best_candidate,global_penalty_2,FE_ratio_025_035,25920,7.716049382716049e-05,-1.977983631790288e-06,0.0,0.0,0.05126933573600427,2
linear_svm_classifier__best_candidate,global_penalty_3,overall,64800,3.08641975308642e-05,-7.911934527161153e-07,0.0,0.0,0.05126933573600427,2
linear_svm_classifier__best_candidate,global_penalty_3,same_algorithm,48240,4.145936981757877e-05,-1.062797175290304e-06,0.0,0.0,0.05126933573600427,2
linear_svm_classifier__best_candidate,global_penalty_3,dimension_40,21600,0.0,0.0,0.0,0.0,-0.0,0
linear_svm_classifier__best_candidate,global_penalty_3,FE_ratio_025_035,25920,7.716049382716049e-05,-1.977983631790288e-06,0.0,0.0,0.05126933573600427,2
linear_svm_classifier__best_candidate,maturity3_penalty_1,overall,64800,0.038287037037037036,0.004230741122249893,0.5596279778139582,0.3067311567916163,141.6731278295249,1720
linear_svm_classifier__best_candidate,maturity3_penalty_1,same_algorithm,48240,0.035281923714759536,-0.002838824056661468,0.02680751347278049,0.01762632197414806,140.5867297420835,1672
linear_svm_classifier__best_candidate,maturity3_penalty_1,dimension_40,21600,0.03939814814814815,-0.003427096879976009,0.33008468202477553,0.1045828437132785,103.81924449912546,762
linear_svm_classifier__best_candidate,maturity3_penalty_1,FE_ratio_025_035,25920,0.04359567901234568,-0.0028372101811771455,0.013103840600185719,0.01504424778761062,75.18787168819392,1113
linear_svm_classifier__best_candidate,maturity3_penalty_1.5,overall,64800,0.03712962962962963,0.004327799348166613,0.5563979438265756,0.31379883624272653,132.98371506945563,1651
linear_svm_classifier__best_candidate,maturity3_penalty_1.5,same_algorithm,48240,0.03391376451077944,-0.0026648822394643662,0.026550015104837565,0.017726161369193152,132.16079478408463,1607
linear_svm_classifier__best_candidate,maturity3_penalty_1.5,dimension_40,21600,0.037175925925925925,-0.0030714742159749396,0.33008468202477553,0.11083437110834371,96.13779495670236,714
linear_svm_classifier__best_candidate,maturity3_penalty_1.5,FE_ratio_025_035,25920,0.041589506172839505,-0.0025902834446037866,0.013103840600185719,0.015769944341372914,68.78753067621247,1061
linear_svm_classifier__best_candidate,maturity3_penalty_2,overall,64800,3.08641975308642e-05,-7.911934527161153e-07,0.0,0.0,0.05126933573600427,2
linear_svm_classifier__best_candidate,maturity3_penalty_2,same_algorithm,48240,4.145936981757877e-05,-1.062797175290304e-06,0.0,0.0,0.05126933573600427,2
linear_svm_classifier__best_candidate,maturity3_penalty_2,dimension_40,21600,0.0,0.0,0.0,0.0,-0.0,0
linear_svm_classifier__best_candidate,maturity3_penalty_2,FE_ratio_025_035,25920,7.716049382716049e-05,-1.977983631790288e-06,0.0,0.0,0.05126933573600427,2
linear_svm_classifier__best_candidate,maturity3_penalty_3,overall,64800,3.08641975308642e-05,-7.911934527161153e-07,0.0,0.0,0.05126933573600427,2
linear_svm_classifier__best_candidate,maturity3_penalty_3,same_algorithm,48240,4.145936981757877e-05,-1.062797175290304e-06,0.0,0.0,0.05126933573600427,2
linear_svm_classifier__best_candidate,maturity3_penalty_3,dimension_40,21600,0.0,0.0,0.0,0.0,-0.0,0
linear_svm_classifier__best_candidate,maturity3_penalty_3,FE_ratio_025_035,25920,7.716049382716049e-05,-1.977983631790288e-06,0.0,0.0,0.05126933573600427,2
