scheme,direction,target,pooled_oof_r2,median_fold_r2,share_folds_r2_above_0.5,share_folds_r2_below_0,folds
leave_family_out,bf_to_lf,lf_y_mean,-0.060628705148349615,-9763.073518392479,0.0,1.0,5
leave_family_out,bf_to_lf,lf_y_std,-0.058724278542945596,-1782.9219355781395,0.0,1.0,5
leave_family_out,bf_to_lf,lf_y_skew,-0.06411437013417887,-0.5059156474760382,0.0,1.0,5
leave_family_out,bf_to_lf,lf_y_kurtosis,-0.10710800484652228,-1.2170490376426768,0.0,1.0,5
leave_family_out,bf_to_lf,lf_y_q10,0.3580730931008149,0.3582423675199754,0.2,0.2,5
leave_family_out,bf_to_lf,lf_y_q50,-0.07222478011850897,-8411.268673932642,0.0,1.0,5
leave_family_out,bf_to_lf,lf_y_q90,-0.069251140283763,-75460.82801646949,0.0,1.0,5
leave_family_out,bf_to_lf,lf_linear_r2,0.2580422120936009,0.22455990626410516,0.0,0.2,5
leave_family_out,bf_to_lf,lf_quadratic_r2,0.3133135297140336,-2.5194849167548763,0.0,0.6,5
leave_family_out,bf_to_lf,lf_quadratic_gain_over_linear,0.0973121037845075,0.06695519886784751,0.0,0.4,5
leave_family_out,bf_to_lf,lf_model_residual_rel,0.35131352060629084,0.17835224902087454,0.0,0.4,5
leave_family_out,bf_to_lf,lf_design_condition,0.2710229270344324,0.2758731452851272,0.0,0.0,5
leave_family_out,bf_to_lf,lf_linear_r2_change,,,0.0,0.0,5
leave_family_out,bf_to_lf,lf_quadratic_r2_change,,,0.0,0.0,5
leave_family_out,bf_to_lf,lf_information_transition_entropy,0.04309313089700584,-0.034257532535949764,0.0,0.6,5
leave_family_out,bf_to_lf,lf_information_sign_change_rate,,,0.0,0.2,5
leave_family_out,bf_to_lf,lf_information_ruggedness,0.14486921851300016,0.0605788659962635,0.0,0.4,5
leave_family_out,bf_to_lf,lf_local_fdc,0.22738219231581602,0.15784072963170914,0.0,0.4,5
leave_family_out,bf_to_lf,lf_elite_dispersion_ratio,0.3624066626124116,0.3361464459109611,0.0,0.2,5
leave_family_out,bf_to_lf,lf_elite_dispersion_shift,0.13017027673417003,0.06247109822288133,0.0,0.0,5
leave_family_out,bf_to_lf,lf_nbc_mean_distance,0.3349818512892919,0.22387046516453712,0.0,0.2,5
leave_family_out,bf_to_lf,lf_nbc_distance_cv,0.455547188488051,0.4543201484521492,0.2,0.0,5
leave_family_out,bf_to_lf,lf_nbc_cluster_proxy,0.34377656971645376,0.3244991613028494,0.0,0.0,5
leave_family_out,lf_to_bf,bf_fe_ratio,0.12494934740356667,0.16254508459768324,0.0,0.2,5
leave_family_out,lf_to_bf,bf_improvement_rate_w02,0.029280059837862416,0.01871625806667454,0.0,0.4,5
leave_family_out,lf_to_bf,bf_improvement_frequency_w02,0.2371402271165891,0.22643260390388664,0.0,0.0,5
leave_family_out,lf_to_bf,bf_diversity_mean_pairwise,0.8156894297245437,0.7771543412762396,1.0,0.0,5
leave_family_out,lf_to_bf,bf_diversity_change_w05,-0.25883311456850633,-0.17746957433069466,0.2,0.6,5
leave_family_out,lf_to_bf,bf_covariance_spectral_concentration,0.08398105124910782,0.049569911830777635,0.0,0.2,5
leave_family_out,lf_to_bf,bf_distance_decay_w10,-0.4063538589057216,-0.25022952769632134,0.0,0.6,5
leave_family_out,lf_to_bf,bf_stagnation_w10,0.30641488936896566,0.24676038939994116,0.0,0.2,5
leave_family_out,lf_to_bf,bf_convergence_rate_w10,-0.35592516832429877,-0.674546536222993,0.0,0.6,5
leave_family_out,lf_to_bf,bf_fitness_diversity_rel,0.22869744496394306,0.12444793877864768,0.2,0.4,5
leave_family_out,lf_to_bf,bf_population_wasserstein_rate_w05,0.48405767926246046,0.5770228981868111,0.6,0.0,5
leave_family_out,lf_to_bf,bf_centroid_shift_rate_w05,0.19792887515091218,0.3480109156187672,0.0,0.2,5
leave_family_out,lf_to_bf,bf_centroid_shift_coherence_w05,0.0318609624161581,-0.10062504005183004,0.0,0.6,5
leave_family_out,lf_to_bf,bf_fitness_quantile_improvement_fraction_w02,0.23484372712611534,0.22205495141825748,0.0,0.0,5
leave_family_out,lf_to_bf,bf_fitness_distribution_improvement_rate_w02,0.03341802728198373,-0.5708742481524496,0.0,0.6,5
leave_family_out,lf_to_bf,bf_fitness_wasserstein_rate_w02,0.11178537529796173,-0.08009936334102385,0.0,0.6,5
leave_family_out,lf_to_bf,bf_elite_concentration,0.5145325735745098,0.5840890382002764,0.8,0.2,5
leave_family_out,lf_to_bf,bf_best_fitness_slope_rel_w05,0.0504781288526468,0.031368723228481055,0.0,0.4,5
leave_family_out,lf_to_bf,bf_diversity_slope_w05,0.17305851495413538,0.35348077423221136,0.0,0.2,5
leave_family_out,lf_to_bf,bf_fitness_spread_slope_w05,-0.002225866793890141,-0.43881197984549325,0.0,0.6,5
leave_family_out,lf_to_bf,bf_population_centroid_shift_w05,0.19792887515091206,0.3480109156187673,0.0,0.2,5
leave_family_out,lf_to_bf,bf_elite_centroid_shift_w05,0.37999057430993777,0.4788921786649051,0.2,0.2,5
leave_family_out,lf_to_bf,bf_covariance_trace_ratio_w05,-0.5584947964012015,-3.60071721515538,0.0,0.8,5
leave_family_out,lf_to_bf,bf_covariance_effective_rank_w05,0.21641687458313108,0.16222997515918836,0.0,0.2,5
leave_family_out,lf_to_bf,bf_diversity_recovery_w05,-0.6477796624804326,-1.2709144561342312,0.0,0.8,5
leave_family_out,lf_to_bf,bf_population_chamfer_distance_w05,0.5432211512098646,0.5708593091899703,0.8,0.0,5
leave_family_out,lf_to_bf,bf_covariance_trace_change_w05,-0.5587843335436613,-3.6014837249664096,0.0,0.8,5
leave_family_out,lf_to_bf,bf_covariance_effective_rank_change_w05,0.022423488918880463,-0.0006459722838494386,0.0,0.6,5
grouped_by_problem,bf_to_lf,lf_y_mean,0.1532317516258237,-0.13357176022786432,0.0,0.6,5
grouped_by_problem,bf_to_lf,lf_y_std,0.1499085968775674,-0.05004509157727943,0.0,0.6,5
grouped_by_problem,bf_to_lf,lf_y_skew,0.10819149763545632,0.06349581122895731,0.0,0.4,5
grouped_by_problem,bf_to_lf,lf_y_kurtosis,0.06756041644383337,-0.2290055026504636,0.0,0.6,5
grouped_by_problem,bf_to_lf,lf_y_q10,0.2921128171779266,0.23399245775320643,0.0,0.0,5
grouped_by_problem,bf_to_lf,lf_y_q50,-0.18035933771139123,-0.8553491509377227,0.0,0.8,5
grouped_by_problem,bf_to_lf,lf_y_q90,0.132063933063977,-0.44990276547243346,0.0,0.6,5
grouped_by_problem,bf_to_lf,lf_linear_r2,0.2662870979419827,0.24689727601780276,0.0,0.0,5
grouped_by_problem,bf_to_lf,lf_quadratic_r2,0.44487677988118823,0.3682668002427921,0.0,0.4,5
grouped_by_problem,bf_to_lf,lf_quadratic_gain_over_linear,0.09797954224987282,0.058571759907725895,0.0,0.2,5
grouped_by_problem,bf_to_lf,lf_model_residual_rel,0.41566130815318836,0.2908693563659581,0.0,0.4,5
grouped_by_problem,bf_to_lf,lf_design_condition,0.30250366648749294,0.29511910323251567,0.0,0.0,5
grouped_by_problem,bf_to_lf,lf_linear_r2_change,,,0.0,0.0,5
grouped_by_problem,bf_to_lf,lf_quadratic_r2_change,,,0.0,0.0,5
grouped_by_problem,bf_to_lf,lf_information_transition_entropy,0.1469434667005869,0.15748512015705818,0.0,0.0,5
grouped_by_problem,bf_to_lf,lf_information_sign_change_rate,,,0.0,0.0,5
grouped_by_problem,bf_to_lf,lf_information_ruggedness,0.20564448959599757,0.23491489697890733,0.0,0.0,5
grouped_by_problem,bf_to_lf,lf_local_fdc,0.2756279695212882,0.25981663205051775,0.0,0.2,5
grouped_by_problem,bf_to_lf,lf_elite_dispersion_ratio,0.34657411451886644,0.2912540253665623,0.0,0.2,5
grouped_by_problem,bf_to_lf,lf_elite_dispersion_shift,0.15587074460610506,0.13831349893695,0.0,0.0,5
grouped_by_problem,bf_to_lf,lf_nbc_mean_distance,0.3237768815445877,0.3295041300485093,0.0,0.2,5
grouped_by_problem,bf_to_lf,lf_nbc_distance_cv,0.4571700232678292,0.4220112358004633,0.4,0.0,5
grouped_by_problem,bf_to_lf,lf_nbc_cluster_proxy,0.34340497980322837,0.2947688043381067,0.0,0.0,5
grouped_by_problem,lf_to_bf,bf_fe_ratio,0.3126331181870452,0.3053395535389086,0.0,0.0,5
grouped_by_problem,lf_to_bf,bf_improvement_rate_w02,-0.07292076065879183,-0.0650526000135161,0.0,0.6,5
grouped_by_problem,lf_to_bf,bf_improvement_frequency_w02,0.30865858502784527,0.31033464892394347,0.0,0.0,5
grouped_by_problem,lf_to_bf,bf_diversity_mean_pairwise,0.8119585555390569,0.84039484610754,1.0,0.0,5
grouped_by_problem,lf_to_bf,bf_diversity_change_w05,0.33938909173875176,0.3275284431644464,0.0,0.0,5
grouped_by_problem,lf_to_bf,bf_covariance_spectral_concentration,0.40660663557752885,0.4133216059935003,0.0,0.0,5
grouped_by_problem,lf_to_bf,bf_distance_decay_w10,0.1638948409953005,0.019684700519906673,0.0,0.2,5
grouped_by_problem,lf_to_bf,bf_stagnation_w10,0.3948430087016851,0.3882558799830552,0.0,0.0,5
grouped_by_problem,lf_to_bf,bf_convergence_rate_w10,0.11135519627307167,0.018192149572206162,0.0,0.2,5
grouped_by_problem,lf_to_bf,bf_fitness_diversity_rel,0.616494618068393,0.6185178240779596,1.0,0.0,5
grouped_by_problem,lf_to_bf,bf_population_wasserstein_rate_w05,0.7405195868630776,0.717325569361721,1.0,0.0,5
grouped_by_problem,lf_to_bf,bf_centroid_shift_rate_w05,0.5995552496449499,0.5813152824570165,1.0,0.0,5
grouped_by_problem,lf_to_bf,bf_centroid_shift_coherence_w05,0.3132274172937175,0.2940464368341511,0.0,0.0,5
grouped_by_problem,lf_to_bf,bf_fitness_quantile_improvement_fraction_w02,0.34847777292050675,0.3368761298763314,0.0,0.0,5
grouped_by_problem,lf_to_bf,bf_fitness_distribution_improvement_rate_w02,0.46474695664391064,0.4270530831748037,0.4,0.0,5
grouped_by_problem,lf_to_bf,bf_fitness_wasserstein_rate_w02,0.5275125241642318,0.6079887646033715,0.8,0.0,5
grouped_by_problem,lf_to_bf,bf_elite_concentration,0.641699014166113,0.6395440055460369,1.0,0.0,5
grouped_by_problem,lf_to_bf,bf_best_fitness_slope_rel_w05,0.2910102505905656,0.24068487454871357,0.0,0.4,5
grouped_by_problem,lf_to_bf,bf_diversity_slope_w05,0.46664095031849406,0.4370331291581714,0.4,0.0,5
grouped_by_problem,lf_to_bf,bf_fitness_spread_slope_w05,0.3868188941217068,0.33086725736108646,0.0,0.2,5
grouped_by_problem,lf_to_bf,bf_population_centroid_shift_w05,0.5995552496449499,0.5813152824570165,1.0,0.0,5
grouped_by_problem,lf_to_bf,bf_elite_centroid_shift_w05,0.6375272453413785,0.6219000871900917,1.0,0.0,5
grouped_by_problem,lf_to_bf,bf_covariance_trace_ratio_w05,0.10917229798138173,0.01945781098508892,0.0,0.4,5
grouped_by_problem,lf_to_bf,bf_covariance_effective_rank_w05,0.4909130501157939,0.4639352255101892,0.2,0.0,5
grouped_by_problem,lf_to_bf,bf_diversity_recovery_w05,0.16068859541417047,0.06528276902414454,0.0,0.2,5
grouped_by_problem,lf_to_bf,bf_population_chamfer_distance_w05,0.764755512539081,0.7503523332428265,1.0,0.0,5
grouped_by_problem,lf_to_bf,bf_covariance_trace_change_w05,0.10922790615255773,0.019366334754545078,0.0,0.4,5
grouped_by_problem,lf_to_bf,bf_covariance_effective_rank_change_w05,0.06727040703005549,0.06320716081861721,0.0,0.0,5
