lf_y_mean,lf_y_std,lf_y_skew,lf_y_kurtosis,lf_y_q10,lf_y_q50,lf_y_q90,lf_linear_r2,lf_quadratic_r2,lf_quadratic_gain_over_linear,lf_model_residual_rel,lf_design_condition,lf_linear_r2_change,lf_quadratic_r2_change,lf_information_transition_entropy,lf_information_sign_change_rate,lf_information_ruggedness,lf_local_fdc,lf_elite_dispersion_ratio,lf_elite_dispersion_shift,lf_nbc_mean_distance,lf_nbc_distance_cv,lf_nbc_cluster_proxy
0.21916118111826802,0.23641406210371838,0.2011935363245289,0.20117185537530569,0.1804655231035379,0.0676719518884396,0.1961881290518573,0.18841128968957163,0.25239621546399565,-0.185677034191455,-0.25203185296701724,0.4205404989126518,-0.0164248542797229,-0.10737901736000978,-0.03485160707963939,0.11662293801076498,-0.13156455304778059,0.03378917989098116,-0.4311162097291955,0.21467419971621304,-0.40969615356520084,0.39329364762005636,0.21381745011121434
-0.26884101962943724,-0.29974726783926525,-0.11154371147823897,-0.10264600557751442,0.05149935488189069,0.10869735473985603,-0.2543284645094794,0.008694886180525593,-0.21183583067798753,0.02577089166208123,0.21162126880280294,-0.07504446827563822,0.01780595126720707,0.19278797851096233,0.07048712981628588,-0.13122200269076612,0.15083793405355003,0.19133304936465012,0.04439586194891676,-0.28413798381862093,0.059598032441276115,-0.05545106221754503,-0.07895580273725201
0.33232507999799615,0.3069101173128966,0.14721959601615914,0.12762808748711807,0.41719534387844576,0.33893416832947354,0.3220014355838172,0.32992457459970015,0.37670880286380515,-0.26956271982184205,-0.3769629462714829,0.30146173695047346,0.029541975818374422,-0.02178348454050656,0.1260179830859034,0.09881284592606919,-0.0980893142683367,0.16397688232460175,-0.40909304614789066,-0.1086090738326511,-0.3618885908158768,0.39879333457199984,0.29956356011767027
-0.6353927431788846,-0.6077708588053998,-0.19019206650200743,-0.1677089948866295,-0.6795453058842628,-0.5201231988725282,-0.6336211789227812,-0.6421626561528335,-0.7600860092666136,0.5736577829514772,0.7599460986305728,-0.6954806377131136,-0.053675025132590266,0.1253906542667693,-0.02441938113563072,-0.04569934900297821,0.07104294892286962,-0.5569082701899302,0.8787170594266653,-0.31489826119202413,0.8029137318999949,-0.925078138694483,-0.8087029425965722
-0.34870897501758474,-0.29694768374457325,0.05370683339754565,0.0658239365364037,-0.6066178759302571,-0.4707069321279813,-0.371092064789278,-0.338702003903402,-0.441210168551571,0.28628060282306633,0.4413622397612558,-0.2583167856366562,-0.12489477019109885,-0.07795679274125786,-0.04516176508610075,0.05258133608407713,-0.03431551065004851,-0.38563338154201193,0.5559817707718633,0.031884041564386144,0.32614181685864485,-0.49016751690126203,-0.43178538251923615
0.2720030837099154,0.27240215918743604,0.30541862270190695,0.30152211211285496,0.2322867475824887,0.24732822878894187,0.2505824911287003,0.3074206674800564,0.28852917912038334,-0.2571620077646294,-0.28831641352867277,0.34027545076190485,0.0058483761428915395,-0.04202778080430962,0.04612902684282682,0.16439506235739706,-0.16900763500040486,0.01868316806021023,-0.2246851467291547,-0.041070431905636605,-0.3251349315417899,0.2971844537474902,0.2251232914505751
0.3839450456434765,0.329943061952853,-0.046512502220074504,-0.059807654401306115,0.6213176330440048,0.5049697398259235,0.40754281951273774,0.37948701014209013,0.485941216451489,-0.32397990058406767,-0.4860658924288715,0.2973338946243029,0.11200937828702828,0.05715248348108238,0.03274612252014201,-0.05160993686897508,0.03120769440891522,0.43314541822635344,-0.615117126064071,-0.008912565444253744,-0.37891288677848173,0.5527470798496418,0.4859708186875871
-0.2525041251810891,-0.23195827034445698,-0.1472911842069135,-0.13355478617354236,-0.3496387087857375,-0.2928017968431818,-0.2432806921644838,-0.2637586367232491,-0.2856511160851891,0.1963172532315287,0.28595333970595993,-0.2255332047902986,-0.043615962732439686,-0.013004259848167207,-0.11052807250701344,-0.08029215846309039,0.06577791404890962,-0.14602870125109868,0.32432287017989936,0.15283812574576466,0.27843882003694154,-0.30587339915888756,-0.22822523959192006
0.4007987381282245,0.3445006952241698,-0.04580219000522878,-0.05947334602299613,0.6380821118997028,0.5262163214182769,0.4262100149608043,0.3889859249730184,0.5045381317800438,-0.3288491768279305,-0.5046420515459451,0.29574997416372734,0.1153173454810541,0.05538017234684193,0.039110449757861265,-0.05161471216538038,0.029319612899050412,0.4396549930655971,-0.6162722177758249,-0.012284935017512174,-0.3784432560179391,0.5616501491718441,0.5057081358040596
-0.8991990127329842,-0.8822061260519061,-0.31854075594704456,-0.28354169736367674,-0.6988999053056392,-0.4696933367011438,-0.8895079114886111,-0.48569592937054107,-0.853793694924196,0.3794599634366698,0.85359809776734,-0.4182268186823038,-0.054332614901617775,0.22675447183814834,-0.013264518533295806,-0.24268900424787823,0.2816335492102424,-0.13461253707296528,0.54727143958173,-0.0951021648005322,0.4605627948421604,-0.5990101756670388,-0.6001192935309204
-0.48511645615816307,-0.47348388957242854,-0.1531183514238093,-0.13945761817859328,-0.46910636865557376,-0.3421388811604157,-0.48213348316551174,-0.5126560963687764,-0.6069017615495097,0.4715539193597287,0.6067489357697421,-0.6028369731630608,-0.0027892931942695366,0.15635086518226238,0.03876879158275021,-0.049200591599090106,0.07848317370088115,-0.5196139870539499,0.7829013741975195,-0.4298711369627873,0.7213639434305751,-0.836861759610438,-0.6791029077470339
-0.3601529836710483,-0.3570260992833678,-0.12764917291540645,-0.11975974665193914,-0.35432647867122596,-0.2573249297871543,-0.3562978624051748,-0.42244156281130985,-0.4955821557266958,0.39177993952679246,0.4954494897171113,-0.549394955595199,0.002316849374336797,0.14618163865106612,0.05242623376508399,-0.03247631417109407,0.05787232111401618,-0.5118525645324257,0.7390201979454248,-0.4400982758521621,0.6461905821675489,-0.7315287556636124,-0.5711280330475114
0.2741411118682039,0.24790824410360698,0.032317634234556546,0.022921869415162038,0.24621564899221324,0.18589557239282725,0.2843431563169658,0.1283991888520063,0.20292050982880813,-0.11321350699849926,-0.20272209985134493,0.018079869961184134,0.019313135681115385,-0.01393052951245761,0.0025407148056592523,0.05152360076814608,-0.06714302767059603,-0.15854425326679458,0.06220745748171225,-0.1273092188666022,-0.008496324387272465,0.07405986399366377,0.15933334619888942
0.27349654474145124,0.21466442603701208,-0.02535065053825357,-0.03049371532054966,0.6024039724166872,0.455788937508712,0.30500200484751333,0.17856265048032793,0.3137396470167229,-0.10704345492264222,-0.31416970675759615,-0.019045509551172266,0.12115064348441477,0.11657300320065565,0.005357712791219184,-0.09880233368498673,0.07697967991348348,0.18208311272415276,-0.23002072115972047,-0.2602892202516325,-0.048052870085758224,0.22308552895109457,0.28386836387001296
-0.5497842587443874,-0.5754432973073933,-0.29376785636221237,-0.2688495872872699,-0.22044222813760317,-0.09889779220942538,-0.5249736602533932,-0.27667543699988273,-0.5098267121817834,0.23909496266463015,0.5096489689933621,-0.3475757774313687,0.044052186061602855,0.2686645289300136,-0.05282015021451543,-0.21873259187395985,0.22351420406869627,0.045458634317926336,0.3300028275939972,-0.20763250876544284,0.3565868925244339,-0.35804349312543576,-0.32798780968661334
-0.8418981965430347,-0.8420461603102427,-0.351441225482249,-0.31951264563160675,-0.5855161588538574,-0.3897041400181972,-0.8251623616401284,-0.4407363984477695,-0.7952166693154681,0.34986690730154596,0.7950150962988766,-0.36337325221402006,-0.03160155033593476,0.25313401191751944,-0.03527126365902575,-0.17738548694312045,0.21027785498521295,-0.06604757020267689,0.47407565033901367,-0.11202767346770552,0.40517407554631435,-0.5370098180336675,-0.5431595110330432
-0.04234247208003325,-0.06526959850706833,-0.22253831484935238,-0.2094858484875966,0.04664944648573194,-0.07659452639846787,0.005387228237203491,-0.3072312840522124,-0.1433814129202246,0.26016033368054664,0.14352499830253107,-0.45485676004172165,0.0038852882937520363,-0.0007477760671457499,-0.21860831827831836,-0.24420319860037457,0.19814081521070906,-0.28968377507983956,0.4520431301867193,-0.04267195775731935,0.49619348124930285,-0.3633769744045712,-0.08246811275801312
0.4891077385332798,0.5229141089898672,0.22702709900482865,0.20596514004445554,0.10713743446566036,-0.014159009415856825,0.4635578288976123,0.12037136006205165,0.42073867615504557,-0.14015933310144998,-0.4204990264073468,0.2147099194182436,-0.026033299170761744,-0.2657161779058043,-0.026967345140440798,0.2283885441564847,-0.2468153877842623,-0.19542684119235468,-0.18766864520824875,0.3381429256969247,-0.20755814692483648,0.21002987622220834,0.21295930192271614
0.2513124011902925,0.2720999131163309,0.10067111833025827,0.0940571873759521,0.03989752112581775,-0.04211459469314002,0.24407801465312734,0.1934279377119205,0.28524612389456105,-0.21471925081868634,-0.28503158890533975,0.35346865167184094,-0.1088956717344194,-0.26611181772064557,-0.09369166021907474,0.023568195478972643,-0.04496817936860607,0.11728016491317549,-0.2936077433402689,0.4699255386008094,-0.3899770785899884,0.3736850354042874,0.35886702830544603
0.3617099088474679,0.4059256099648225,0.2684583240755486,0.25568015442689646,0.04857196022056875,-0.07297480126767376,0.33588982874572804,0.1366221721957456,0.3003553735793394,-0.1382715612577928,-0.3001647379395656,0.1942691213138791,-0.042083661322057445,-0.24762351320416606,-0.08118213668019622,0.07025377364001241,-0.10887540859037702,-0.1046706330746647,-0.1590470915462884,0.1866310890005153,-0.19276893853782728,0.18810226565042965,0.18824974718516976
-0.3601529836710483,-0.3570260992833678,-0.12764917291540645,-0.11975974665193914,-0.35432647867122596,-0.2573249297871543,-0.3562978624051748,-0.42244156281130985,-0.4955821557266958,0.39177993952679246,0.4954494897171113,-0.549394955595199,0.002316849374336797,0.14618163865106612,0.05242623376508399,-0.03247631417109407,0.05787232111401618,-0.5118525645324257,0.7390201979454248,-0.4400982758521621,0.6461905821675489,-0.7315287556636124,-0.5711280330475114
-0.4148638425218832,-0.4097507593887526,-0.17322225176954156,-0.15966289929906127,-0.4160052643364755,-0.3267716994002509,-0.40369517356247353,-0.5211517974017957,-0.5629163829619875,0.4765104588210844,0.5627804679487999,-0.6675363296938354,-0.019723398578814035,0.1226362353882858,-0.008189557609459336,-0.08596367447540336,0.08796727821007322,-0.5787438801273724,0.8661826805264089,-0.4137664903315887,0.7667856796907473,-0.8298834655076813,-0.6362196949408394
-0.33569621462512717,-0.2841142990230869,0.06830417298608295,0.07954292226318516,-0.5919028076474836,-0.4513701753822172,-0.3601809787366999,-0.314511595861923,-0.4217314333991795,0.26452605084427633,0.4217864032657625,-0.22288509237381132,-0.12458327029595549,-0.07558888179832128,-0.040882363986901316,0.07313898718209368,-0.05305649948716101,-0.3616382392640902,0.5138826756869177,0.04419280350303193,0.2838373967430876,-0.4535885429472052,-0.41436200993912886
-0.31219513433174556,-0.3111088915250391,-0.29233605202872837,-0.28536727695985803,-0.24938592420147065,-0.2575811806107603,-0.29201177355377306,-0.34385816448967893,-0.3285294448574834,0.2915144193653152,0.32791630681225914,-0.38202596628371227,-0.0021260390576551165,0.06345904483592944,-0.0418643282992566,-0.18255419183844354,0.18343596321718847,-0.03545702630114724,0.26013792518148604,0.026655471492778433,0.3489809584033047,-0.32290147158109056,-0.24321014233863794
-0.002036831636020971,0.014857953532485292,0.0479369472623867,0.046844121130424625,-0.15946624020042965,-0.16342386992812127,-0.010987830998374795,-0.06799339785820564,-0.0490560579631493,0.038717440860755105,0.04917287626958808,-0.004530329613211216,-0.10436601540146574,-0.12883890302613007,-0.061924443839939156,0.012965957870945125,-0.010586454418374998,-0.17143222905785852,0.18340187185413792,0.12014693490485985,0.03216712847093507,-0.10100350532416105,-0.045321638371631015
-0.5192578771280217,-0.5067809064507152,-0.1726018870868029,-0.1575307243764501,-0.5011797175957762,-0.3707059262189384,-0.5153442894513317,-0.5420335281548405,-0.6415972920483906,0.4978159181834243,0.6414353360705516,-0.6296057017480001,-0.0058439440865303525,0.1620801079731115,0.03343773874146294,-0.053223577985600366,0.08224269485659212,-0.5175456471797509,0.8007041413384126,-0.4165940689713986,0.7469732283717365,-0.8643309245211698,-0.7036780551923618
-0.3249948301726845,-0.27332947789819245,0.06530271037233153,0.07572977308403886,-0.588472384225299,-0.45296260150359474,-0.34951202503743284,-0.3052053271480342,-0.41153279448160535,0.25504965232446636,0.41177399824555033,-0.21251694065417298,-0.12389841368435352,-0.08198009576404598,-0.04527337572955104,0.08070276817168989,-0.0606390786966223,-0.3531765968427747,0.5038749763857311,0.05485196413424596,0.27747928553416157,-0.44525447607708035,-0.40581212988863846
-0.07494543982316879,-0.07877423016963388,-0.09118976464276031,-0.09098800375119301,-0.011269723840405152,-0.06781866704541137,-0.06728476966553083,-0.09309183841466431,-0.0833085773513645,0.0792943815438612,0.08319658685051305,-0.07632570933998431,0.004871090543675755,0.018899565863423423,-0.015951064506317014,-0.020886500547529274,0.016903336567590254,-0.048238798068793956,0.041116293520844685,-0.020380628298235202,0.094994130492083,-0.08145867521064805,-0.07215661736217967
