candidate_id,base_model_name,model_family,estimator,role,feature_scheme,feature_count,params_json,status,skip_reason,eval_split,rows,feature_fit_seconds,fit_seconds,prediction_seconds,roc_auc_u_gt_zero,average_precision_u_gt_zero,threshold,decision_ela_call_rate,decision_mean_utility,utility_capture_rate,precision_u_gt_zero_under_calls,unhelpful_call_cost_sum
lda_classifier__raw_primary_with_maturity__baseline__shrinkage_null__solver_svd,lda_classifier,lda,LinearDiscriminantAnalysis(),baseline,raw_primary_with_maturity,23,"{""shrinkage"": null, ""solver"": ""svd""}",completed,,bbob_train,194400,0.326904834000743,0.08346204199915519,0.0018690409997361712,0.800112169904256,0.19669029682443476,0.4640292684462041,0.01757201646090535,0.0003059268675674512,0.10412479844407485,0.32289227166276346,201.99687552692575
lda_classifier__raw_primary_with_maturity__baseline__shrinkage_null__solver_svd,lda_classifier,lda,LinearDiscriminantAnalysis(),baseline,raw_primary_with_maturity,23,"{""shrinkage"": null, ""solver"": ""svd""}",completed,,bbob_validation,64800,0.326904834000743,0.08346204199915519,0.0006815409942646511,0.815528571439505,0.17429424829841753,0.4640292684462041,0.03783950617283951,0.004324970767963681,0.5610328332488974,0.3128058727569331,136.61090851096142
softmax_logistic_classifier__raw_primary_with_maturity__baseline__C_1p0__class_weight_balanced__penalty_l2,softmax_logistic_classifier,softmax_logistic,"LogisticRegression(C=1.0,class_weight='balanced')",baseline,raw_primary_with_maturity,23,"{""C"": 1.0, ""class_weight"": ""balanced"", ""penalty"": ""l2""}",completed,,bbob_train,194400,0.326904834000743,0.1100417909983662,0.002078915997117292,0.8043442362403836,0.1954332122639792,0.918385202109539,0.01205246913580247,0.0002544720033661691,0.07702709945176191,0.33418693982074266,143.95433680394913
softmax_logistic_classifier__raw_primary_with_maturity__baseline__C_1p0__class_weight_balanced__penalty_l2,softmax_logistic_classifier,softmax_logistic,"LogisticRegression(C=1.0,class_weight='balanced')",baseline,raw_primary_with_maturity,23,"{""C"": 1.0, ""class_weight"": ""balanced"", ""penalty"": ""l2""}",completed,,bbob_validation,64800,0.326904834000743,0.1100417909983662,0.000883624998095911,0.8117948108465314,0.1761930310399025,0.918385202109539,0.037253086419753084,0.004086558466244095,0.5435198128440202,0.30654515327257664,139.04717664447872
linear_svm_classifier__raw_primary_with_maturity__baseline__C_1p0__class_weight_balanced,linear_svm_classifier,linear_svm,"LinearSVC(C=1.0,class_weight='balanced',tol=1e-2)",baseline,raw_primary_with_maturity,23,"{""C"": 1.0, ""class_weight"": ""balanced""}",completed,,bbob_train,194400,0.326904834000743,0.22147720800421666,0.0013019160032854415,0.8016895924536368,0.19313950838868243,0.929903506090854,0.010766460905349794,0.00018646376936654174,0.0673375812824267,0.3315814620162446,132.84366956549437
linear_svm_classifier__raw_primary_with_maturity__baseline__C_1p0__class_weight_balanced,linear_svm_classifier,linear_svm,"LinearSVC(C=1.0,class_weight='balanced',tol=1e-2)",baseline,raw_primary_with_maturity,23,"{""C"": 1.0, ""class_weight"": ""balanced""}",completed,,bbob_validation,64800,0.326904834000743,0.22147720800421666,0.0004451669956324622,0.8128348195322587,0.17453655817406466,0.929903506090854,0.035972222222222225,0.003984382703588915,0.5292369546763008,0.30673530673530675,135.05545206181313
lda_classifier__raw_primary_with_maturity__best_candidate__shrinkage_null__solver_svd,lda_classifier,lda,LinearDiscriminantAnalysis(solver='svd'),best_candidate,raw_primary_with_maturity,23,"{""shrinkage"": null, ""solver"": ""svd""}",completed,,bbob_train,194400,0.326904834000743,0.08063404099812033,0.0021209999977145344,0.800112169904256,0.19669029682443476,0.4640292684462041,0.01757201646090535,0.0003059268675674512,0.10412479844407485,0.32289227166276346,201.99687552692575
lda_classifier__raw_primary_with_maturity__best_candidate__shrinkage_null__solver_svd,lda_classifier,lda,LinearDiscriminantAnalysis(solver='svd'),best_candidate,raw_primary_with_maturity,23,"{""shrinkage"": null, ""solver"": ""svd""}",completed,,bbob_validation,64800,0.326904834000743,0.08063404099812033,0.000749625003663823,0.815528571439505,0.17429424829841753,0.4640292684462041,0.03783950617283951,0.004324970767963681,0.5610328332488974,0.3128058727569331,136.61090851096142
lda_classifier__raw_primary_with_maturity__best_candidate__shrinkage_null__solver_lsqr,lda_classifier,lda,"LinearDiscriminantAnalysis(solver='lsqr',shrinkage=None)",best_candidate,raw_primary_with_maturity,23,"{""shrinkage"": null, ""solver"": ""lsqr""}",completed,,bbob_train,194400,0.326904834000743,0.03692720900289714,0.0017858330029412173,0.800112169904256,0.19669029682443476,0.4640358807293222,0.01757201646090535,0.0003059268675674512,0.10412479844407485,0.32289227166276346,201.99687552692575
lda_classifier__raw_primary_with_maturity__best_candidate__shrinkage_null__solver_lsqr,lda_classifier,lda,"LinearDiscriminantAnalysis(solver='lsqr',shrinkage=None)",best_candidate,raw_primary_with_maturity,23,"{""shrinkage"": null, ""solver"": ""lsqr""}",completed,,bbob_validation,64800,0.326904834000743,0.03692720900289714,0.000640958001895342,0.815528571439505,0.17429424829841753,0.4640358807293222,0.03783950617283951,0.004324970767963681,0.5610328332488974,0.3128058727569331,136.61090851096142
lda_classifier__raw_primary_with_maturity__best_candidate__shrinkage_auto__solver_lsqr,lda_classifier,lda,"LinearDiscriminantAnalysis(solver='lsqr',shrinkage='auto')",best_candidate,raw_primary_with_maturity,23,"{""shrinkage"": ""auto"", ""solver"": ""lsqr""}",completed,,bbob_train,194400,0.326904834000743,0.0583665829981328,0.0018336670036660507,0.7890829034537341,0.18746169517568562,0.6066640521531039,0.012042181069958849,0.00022431392196418454,0.06693764260098316,0.3139683895771038,124.48130897183682
lda_classifier__raw_primary_with_maturity__best_candidate__shrinkage_auto__solver_lsqr,lda_classifier,lda,"LinearDiscriminantAnalysis(solver='lsqr',shrinkage='auto')",best_candidate,raw_primary_with_maturity,23,"{""shrinkage"": ""auto"", ""solver"": ""lsqr""}",completed,,bbob_validation,64800,0.326904834000743,0.0583665829981328,0.0006442910016630776,0.8120264214924077,0.17294123006744086,0.6066640521531039,0.037515432098765435,0.004355642264866989,0.5609896149587004,0.3146853146853147,134.59128265661164
lda_classifier__raw_primary_with_maturity__best_candidate__shrinkage_0p1__solver_lsqr,lda_classifier,lda,"LinearDiscriminantAnalysis(solver='lsqr',shrinkage=0.1)",best_candidate,raw_primary_with_maturity,23,"{""shrinkage"": 0.1, ""solver"": ""lsqr""}",completed,,bbob_train,194400,0.326904834000743,0.03595362499618204,0.0017915830030688085,0.7938711809390394,0.19135771716704708,0.47977264785395385,0.01696502057613169,0.0002475042834701822,0.09479953663553564,0.3126137052759248,189.937446563066
lda_classifier__raw_primary_with_maturity__best_candidate__shrinkage_0p1__solver_lsqr,lda_classifier,lda,"LinearDiscriminantAnalysis(solver='lsqr',shrinkage=0.1)",best_candidate,raw_primary_with_maturity,23,"{""shrinkage"": 0.1, ""solver"": ""lsqr""}",completed,,bbob_validation,64800,0.326904834000743,0.03595362499618204,0.0006500000017695129,0.8125965393324913,0.1718948846066829,0.47977264785395385,0.037654320987654324,0.004344036187781028,0.5610328332488974,0.31434426229508194,135.37546930679733
lda_classifier__raw_primary_with_maturity__best_candidate__shrinkage_0p3__solver_lsqr,lda_classifier,lda,"LinearDiscriminantAnalysis(solver='lsqr',shrinkage=0.3)",best_candidate,raw_primary_with_maturity,23,"{""shrinkage"": 0.3, ""solver"": ""lsqr""}",completed,,bbob_train,194400,0.326904834000743,0.0354038750010659,0.0017893330004881136,0.7868293230155846,0.18567969284011585,0.6298195463032656,0.013343621399176955,0.00021550074099842208,0.0735906400183713,0.3057054741711642,142.9010147729672
lda_classifier__raw_primary_with_maturity__best_candidate__shrinkage_0p3__solver_lsqr,lda_classifier,lda,"LinearDiscriminantAnalysis(solver='lsqr',shrinkage=0.3)",best_candidate,raw_primary_with_maturity,23,"{""shrinkage"": 0.3, ""solver"": ""lsqr""}",completed,,bbob_validation,64800,0.326904834000743,0.0354038750010659,0.0006584580041817389,0.8116425700786974,0.17363036065579968,0.6298195463032656,0.037515432098765435,0.004355642264866989,0.5609896149587004,0.3146853146853147,134.59128265661164
lda_classifier__raw_primary_with_maturity__best_candidate__shrinkage_0p5__solver_lsqr,lda_classifier,lda,"LinearDiscriminantAnalysis(solver='lsqr',shrinkage=0.5)",best_candidate,raw_primary_with_maturity,23,"{""shrinkage"": 0.5, ""solver"": ""lsqr""}",completed,,bbob_train,194400,0.326904834000743,0.03547475000232225,0.0018236670002806932,0.7815679894980121,0.1811130882888713,0.8085229551552867,0.009475308641975308,0.00017389423678769976,0.05181393234705409,0.30890336590662326,96.30556144199073
lda_classifier__raw_primary_with_maturity__best_candidate__shrinkage_0p5__solver_lsqr,lda_classifier,lda,"LinearDiscriminantAnalysis(solver='lsqr',shrinkage=0.5)",best_candidate,raw_primary_with_maturity,23,"{""shrinkage"": 0.5, ""solver"": ""lsqr""}",completed,,bbob_validation,64800,0.326904834000743,0.03547475000232225,0.0006412910006474704,0.8111388547545009,0.17605513209048512,0.8085229551552867,0.03746913580246913,0.004358200203289918,0.5609896149587004,0.31507413509060955,134.4255282468059
lda_classifier__raw_primary_with_maturity__best_candidate__shrinkage_0p7__solver_lsqr,lda_classifier,lda,"LinearDiscriminantAnalysis(solver='lsqr',shrinkage=0.7)",best_candidate,raw_primary_with_maturity,23,"{""shrinkage"": 0.7, ""solver"": ""lsqr""}",completed,,bbob_train,194400,0.326904834000743,0.03605699999752687,0.001830833003623411,0.7764234390652429,0.17680726422130127,0.9132760497008499,0.011378600823045268,0.0001604682294841807,0.06100492515869408,0.29792043399638335,121.99519204908799
lda_classifier__raw_primary_with_maturity__best_candidate__shrinkage_0p7__solver_lsqr,lda_classifier,lda,"LinearDiscriminantAnalysis(solver='lsqr',shrinkage=0.7)",best_candidate,raw_primary_with_maturity,23,"{""shrinkage"": 0.7, ""solver"": ""lsqr""}",completed,,bbob_validation,64800,0.326904834000743,0.03605699999752687,0.0006596250022994354,0.8111871029633703,0.17939386006556984,0.9132760497008499,0.0375,0.004354834188147045,0.560946747867814,0.31522633744855966,134.6117941276695
softmax_logistic_classifier__raw_primary_with_maturity__best_candidate__C_0p03__class_weight_balanced__penalty_l2,softmax_logistic_classifier,softmax_logistic,"LogisticRegression(C=0.03,class_weight='balanced')",best_candidate,raw_primary_with_maturity,23,"{""C"": 0.03, ""class_weight"": ""balanced"", ""penalty"": ""l2""}",completed,,bbob_train,194400,0.326904834000743,0.12001279099786188,0.0022674579959129915,0.8043919553896504,0.19511014392804973,0.9172326240639169,0.012016460905349795,0.0002419753016202559,0.07588926134603886,0.3343321917808219,143.52645639919456
softmax_logistic_classifier__raw_primary_with_maturity__best_candidate__C_0p03__class_weight_balanced__penalty_l2,softmax_logistic_classifier,softmax_logistic,"LogisticRegression(C=0.03,class_weight='balanced')",best_candidate,raw_primary_with_maturity,23,"{""C"": 0.03, ""class_weight"": ""balanced"", ""penalty"": ""l2""}",completed,,bbob_validation,64800,0.326904834000743,0.12001279099786188,0.0008132500006468035,0.8119739966120854,0.17615979127628834,0.9172326240639169,0.03726851851851852,0.004119189127453949,0.5455379751268944,0.3072463768115942,138.43228214331504
linear_svm_classifier__raw_primary_with_maturity__best_candidate__C_0p03__class_weight_balanced,linear_svm_classifier,linear_svm,"LinearSVC(C=0.03,class_weight='balanced',tol=1e-2)",best_candidate,raw_primary_with_maturity,23,"{""C"": 0.03, ""class_weight"": ""balanced""}",completed,,bbob_train,194400,0.326904834000743,0.21584816699760268,0.0013756250045844354,0.8016924067364922,0.19310916567316244,0.9290733881418187,0.010776748971193415,0.0001836038219952611,0.0671808003192562,0.3303102625298329,133.005948734757
linear_svm_classifier__raw_primary_with_maturity__best_candidate__C_0p03__class_weight_balanced,linear_svm_classifier,linear_svm,"LinearSVC(C=0.03,class_weight='balanced',tol=1e-2)",best_candidate,raw_primary_with_maturity,23,"{""C"": 0.03, ""class_weight"": ""balanced""}",completed,,bbob_validation,64800,0.326904834000743,0.21584816699760268,0.0004718750060419552,0.8128380252916044,0.17453054109666424,0.9290733881418187,0.03600308641975308,0.003981069173039522,0.5292369546763008,0.30647235319331334,135.27016884141383
softmax_logistic_classifier__raw_primary_with_maturity__best_candidate__C_0p03__class_weight_null__penalty_l2,softmax_logistic_classifier,softmax_logistic,"LogisticRegression(C=0.03,class_weight=None)",best_candidate,raw_primary_with_maturity,23,"{""C"": 0.03, ""class_weight"": null, ""penalty"": ""l2""}",completed,,bbob_train,194400,0.326904834000743,0.08533049999823561,0.0019236669977544807,0.8028571948308147,0.20217342382181175,0.32231651668510664,0.01412037037037037,0.00022548079530863198,0.08610366492342988,0.3380692167577414,172.38250254064224
softmax_logistic_classifier__raw_primary_with_maturity__best_candidate__C_0p03__class_weight_null__penalty_l2,softmax_logistic_classifier,softmax_logistic,"LogisticRegression(C=0.03,class_weight=None)",best_candidate,raw_primary_with_maturity,23,"{""C"": 0.03, ""class_weight"": null, ""penalty"": ""l2""}",completed,,bbob_validation,64800,0.326904834000743,0.08533049999823561,0.000708334002410993,0.810019852309836,0.16865969853269627,0.32231651668510664,0.036265432098765434,0.0029423023548580504,0.46411858106430687,0.27106382978723403,154.19679775593195
linear_svm_classifier__raw_primary_with_maturity__best_candidate__C_0p03__class_weight_null,linear_svm_classifier,linear_svm,"LinearSVC(C=0.03,class_weight=None,tol=1e-2)",best_candidate,raw_primary_with_maturity,23,"{""C"": 0.03, ""class_weight"": null}",completed,,bbob_train,194400,0.326904834000743,0.15420333300426137,0.0015393339999718592,0.8046493303370503,0.20233999674533226,-0.47638550421615694,0.013858024691358025,0.00029419802548328493,0.0857668333025026,0.33296213808463254,158.1780509797561
linear_svm_classifier__raw_primary_with_maturity__best_candidate__C_0p03__class_weight_null,linear_svm_classifier,linear_svm,"LinearSVC(C=0.03,class_weight=None,tol=1e-2)",best_candidate,raw_primary_with_maturity,23,"{""C"": 0.03, ""class_weight"": null}",completed,,bbob_validation,64800,0.326904834000743,0.15420333300426137,0.0005473749988595955,0.8139822670775841,0.17529080457445853,-0.47638550421615694,0.038287037037037036,0.004230741122249893,0.5596279778139582,0.3067311567916163,141.6731278295249
softmax_logistic_classifier__raw_primary_with_maturity__best_candidate__C_0p1__class_weight_balanced__penalty_l2,softmax_logistic_classifier,softmax_logistic,"LogisticRegression(C=0.1,class_weight='balanced')",best_candidate,raw_primary_with_maturity,23,"{""C"": 0.1, ""class_weight"": ""balanced"", ""penalty"": ""l2""}",completed,,bbob_train,194400,0.326904834000743,0.11769474999891827,0.002395041999989189,0.8043537786911372,0.19534355847878268,0.9179368361420487,0.012078189300411523,0.00024819183700989275,0.07675881427557105,0.3330494037478705,144.50150694685345
softmax_logistic_classifier__raw_primary_with_maturity__best_candidate__C_0p1__class_weight_balanced__penalty_l2,softmax_logistic_classifier,softmax_logistic,"LogisticRegression(C=0.1,class_weight='balanced')",best_candidate,raw_primary_with_maturity,23,"{""C"": 0.1, ""class_weight"": ""balanced"", ""penalty"": ""l2""}",completed,,bbob_validation,64800,0.326904834000743,0.11769474999891827,0.0007186250004451722,0.8118672050272254,0.17620095100143404,0.9179368361420487,0.037237654320987655,0.004089659083507772,0.5435198128440202,0.306672192291753,138.8462566457925
linear_svm_classifier__raw_primary_with_maturity__best_candidate__C_0p1__class_weight_balanced,linear_svm_classifier,linear_svm,"LinearSVC(C=0.1,class_weight='balanced',tol=1e-2)",best_candidate,raw_primary_with_maturity,23,"{""C"": 0.1, ""class_weight"": ""balanced""}",completed,,bbob_train,194400,0.326904834000743,0.21898270800011232,0.0012820830015698448,0.8016903293525943,0.1931299184316631,0.9297941625753545,0.010771604938271605,0.00018617879957277963,0.0673375812824267,0.3314231136580707,132.89906769340172
linear_svm_classifier__raw_primary_with_maturity__best_candidate__C_0p1__class_weight_balanced,linear_svm_classifier,linear_svm,"LinearSVC(C=0.1,class_weight='balanced',tol=1e-2)",best_candidate,raw_primary_with_maturity,23,"{""C"": 0.1, ""class_weight"": ""balanced""}",completed,,bbob_validation,64800,0.326904834000743,0.21898270800011232,0.00043537500459933653,0.8128378634729199,0.17453650329439352,0.9297941625753545,0.035972222222222225,0.003984382703588915,0.5292369546763008,0.30673530673530675,135.05545206181313
softmax_logistic_classifier__raw_primary_with_maturity__best_candidate__C_0p1__class_weight_null__penalty_l2,softmax_logistic_classifier,softmax_logistic,"LogisticRegression(C=0.1,class_weight=None)",best_candidate,raw_primary_with_maturity,23,"{""C"": 0.1, ""class_weight"": null, ""penalty"": ""l2""}",completed,,bbob_train,194400,0.326904834000743,0.09237041699816473,0.0018183329957537353,0.8028752113897286,0.20264118724458025,0.33291273423079965,0.013076131687242799,0.00025297333054482055,0.08172055924821824,0.34539732494099135,156.0314832659252
softmax_logistic_classifier__raw_primary_with_maturity__best_candidate__C_0p1__class_weight_null__penalty_l2,softmax_logistic_classifier,softmax_logistic,"LogisticRegression(C=0.1,class_weight=None)",best_candidate,raw_primary_with_maturity,23,"{""C"": 0.1, ""class_weight"": null, ""penalty"": ""l2""}",completed,,bbob_validation,64800,0.326904834000743,0.09237041699816473,0.0008126659959089011,0.8094132290492091,0.1681792421189092,0.33291273423079965,0.03483024691358025,0.0027713001394570375,0.44385273921789015,0.26849800620292424,150.21943988609195
linear_svm_classifier__raw_primary_with_maturity__best_candidate__C_0p1__class_weight_null,linear_svm_classifier,linear_svm,"LinearSVC(C=0.1,class_weight=None,tol=1e-2)",best_candidate,raw_primary_with_maturity,23,"{""C"": 0.1, ""class_weight"": null}",completed,,bbob_train,194400,0.326904834000743,0.15709024999523535,0.0013346660052775405,0.8046427501925236,0.2023515800084879,-0.47651483699010644,0.013935185185185186,0.00029457772044006256,0.08624235039192908,0.3333333333333333,159.29831507617558
linear_svm_classifier__raw_primary_with_maturity__best_candidate__C_0p1__class_weight_null,linear_svm_classifier,linear_svm,"LinearSVC(C=0.1,class_weight=None,tol=1e-2)",best_candidate,raw_primary_with_maturity,23,"{""C"": 0.1, ""class_weight"": null}",completed,,bbob_validation,64800,0.326904834000743,0.15709024999523535,0.00042354100150987506,0.8139659452578324,0.1753070858452611,-0.47651483699010644,0.03830246913580247,0.004227785903877835,0.5596279778139582,0.306607574536664,141.86462598003422
softmax_logistic_classifier__raw_primary_with_maturity__best_candidate__C_0p3__class_weight_balanced__penalty_l2,softmax_logistic_classifier,softmax_logistic,"LogisticRegression(C=0.3,class_weight='balanced')",best_candidate,raw_primary_with_maturity,23,"{""C"": 0.3, ""class_weight"": ""balanced"", ""penalty"": ""l2""}",completed,,bbob_train,194400,0.326904834000743,0.10930895899946336,0.002058625002973713,0.8043390485268875,0.19541476296800142,0.9183349114878498,0.012016460905349795,0.00025613964491844407,0.07694347899580226,0.3343321917808219,143.4201669335266
softmax_logistic_classifier__raw_primary_with_maturity__best_candidate__C_0p3__class_weight_balanced__penalty_l2,softmax_logistic_classifier,softmax_logistic,"LogisticRegression(C=0.3,class_weight='balanced')",best_candidate,raw_primary_with_maturity,23,"{""C"": 0.3, ""class_weight"": ""balanced"", ""penalty"": ""l2""}",completed,,bbob_validation,64800,0.326904834000743,0.10930895899946336,0.0007086250043357722,0.8118124534566273,0.17619392939190326,0.9183349114878498,0.037237654320987655,0.004089659083507772,0.5435198128440202,0.306672192291753,138.8462566457925
linear_svm_classifier__raw_primary_with_maturity__best_candidate__C_0p3__class_weight_balanced,linear_svm_classifier,linear_svm,"LinearSVC(C=0.3,class_weight='balanced',tol=1e-2)",best_candidate,raw_primary_with_maturity,23,"{""C"": 0.3, ""class_weight"": ""balanced""}",completed,,bbob_train,194400,0.326904834000743,0.2215958749948186,0.0013704169978154823,0.8016897220890117,0.19313670244499828,0.9299772316611872,0.010766460905349794,0.00018646376936654174,0.0673375812824267,0.3315814620162446,132.84366956549437
linear_svm_classifier__raw_primary_with_maturity__best_candidate__C_0p3__class_weight_balanced,linear_svm_classifier,linear_svm,"LinearSVC(C=0.3,class_weight='balanced',tol=1e-2)",best_candidate,raw_primary_with_maturity,23,"{""C"": 0.3, ""class_weight"": ""balanced""}",completed,,bbob_validation,64800,0.326904834000743,0.2215958749948186,0.00045804199908161536,0.8128355980113358,0.1745361591201604,0.9299772316611872,0.03595679012345679,0.0039861289037395236,0.5292369546763008,0.30686695278969955,134.94229829205372
softmax_logistic_classifier__raw_primary_with_maturity__best_candidate__C_0p3__class_weight_null__penalty_l2,softmax_logistic_classifier,softmax_logistic,"LogisticRegression(C=0.3,class_weight=None)",best_candidate,raw_primary_with_maturity,23,"{""C"": 0.3, ""class_weight"": null, ""penalty"": ""l2""}",completed,,bbob_train,194400,0.326904834000743,0.11660262499935925,0.0022343750024447218,0.8029249049501135,0.20269084822223604,0.3385289771059528,0.012458847736625514,0.00024840449629733496,0.0788288045826167,0.3439306358381503,149.65814403218326
softmax_logistic_classifier__raw_primary_with_maturity__best_candidate__C_0p3__class_weight_null__penalty_l2,softmax_logistic_classifier,softmax_logistic,"LogisticRegression(C=0.3,class_weight=None)",best_candidate,raw_primary_with_maturity,23,"{""C"": 0.3, ""class_weight"": null, ""penalty"": ""l2""}",completed,,bbob_validation,64800,0.326904834000743,0.11660262499935925,0.0008106249952106737,0.8094518643535197,0.16826458964707447,0.3385289771059528,0.03425925925925926,0.0027141406760889148,0.43534430614408903,0.2689189189189189,147.60127946951883
linear_svm_classifier__raw_primary_with_maturity__best_candidate__C_0p3__class_weight_null,linear_svm_classifier,linear_svm,"LinearSVC(C=0.3,class_weight=None,tol=1e-2)",best_candidate,raw_primary_with_maturity,23,"{""C"": 0.3, ""class_weight"": null}",completed,,bbob_train,194400,0.326904834000743,0.1565580829992541,0.0013065419989288785,0.8046408295662951,0.20235475782857806,-0.4763903711002967,0.013919753086419753,0.00029535047560950924,0.08621536840764513,0.3333333333333333,159.08033667953492
linear_svm_classifier__raw_primary_with_maturity__best_candidate__C_0p3__class_weight_null,linear_svm_classifier,linear_svm,"LinearSVC(C=0.3,class_weight=None,tol=1e-2)",best_candidate,raw_primary_with_maturity,23,"{""C"": 0.3, ""class_weight"": null}",completed,,bbob_validation,64800,0.326904834000743,0.1565580829992541,0.00043695799831766635,0.813960797674272,0.17531222928021437,-0.4763903711002967,0.03830246913580247,0.004227785903877835,0.5596279778139582,0.306607574536664,141.86462598003422
softmax_logistic_classifier__raw_primary_with_maturity__best_candidate__C_1p0__class_weight_balanced__penalty_l2,softmax_logistic_classifier,softmax_logistic,"LogisticRegression(C=1.0,class_weight='balanced')",best_candidate,raw_primary_with_maturity,23,"{""C"": 1.0, ""class_weight"": ""balanced"", ""penalty"": ""l2""}",completed,,bbob_train,194400,0.326904834000743,0.11007758399500744,0.0021469999992405064,0.8043442362403836,0.1954332122639792,0.918385202109539,0.01205246913580247,0.0002544720033661691,0.07702709945176191,0.33418693982074266,143.95433680394913
softmax_logistic_classifier__raw_primary_with_maturity__best_candidate__C_1p0__class_weight_balanced__penalty_l2,softmax_logistic_classifier,softmax_logistic,"LogisticRegression(C=1.0,class_weight='balanced')",best_candidate,raw_primary_with_maturity,23,"{""C"": 1.0, ""class_weight"": ""balanced"", ""penalty"": ""l2""}",completed,,bbob_validation,64800,0.326904834000743,0.11007758399500744,0.0008370829964405857,0.8117948108465314,0.1761930310399025,0.918385202109539,0.037253086419753084,0.004086558466244095,0.5435198128440202,0.30654515327257664,139.04717664447872
linear_svm_classifier__raw_primary_with_maturity__best_candidate__C_1p0__class_weight_balanced,linear_svm_classifier,linear_svm,"LinearSVC(C=1.0,class_weight='balanced',tol=1e-2)",best_candidate,raw_primary_with_maturity,23,"{""C"": 1.0, ""class_weight"": ""balanced""}",completed,,bbob_train,194400,0.326904834000743,0.21888941599900136,0.0014381670043803751,0.8016895924536368,0.19313950838868243,0.929903506090854,0.010766460905349794,0.00018646376936654174,0.0673375812824267,0.3315814620162446,132.84366956549437
linear_svm_classifier__raw_primary_with_maturity__best_candidate__C_1p0__class_weight_balanced,linear_svm_classifier,linear_svm,"LinearSVC(C=1.0,class_weight='balanced',tol=1e-2)",best_candidate,raw_primary_with_maturity,23,"{""C"": 1.0, ""class_weight"": ""balanced""}",completed,,bbob_validation,64800,0.326904834000743,0.21888941599900136,0.0005841669990331866,0.8128348195322587,0.17453655817406466,0.929903506090854,0.035972222222222225,0.003984382703588915,0.5292369546763008,0.30673530673530675,135.05545206181313
softmax_logistic_classifier__raw_primary_with_maturity__best_candidate__C_1p0__class_weight_null__penalty_l2,softmax_logistic_classifier,softmax_logistic,"LogisticRegression(C=1.0,class_weight=None)",best_candidate,raw_primary_with_maturity,23,"{""C"": 1.0, ""class_weight"": null, ""penalty"": ""l2""}",completed,,bbob_train,194400,0.326904834000743,0.08504508299665758,0.001963958995474968,0.8029118839501328,0.20271396414637752,0.33927055127848504,0.012427983539094651,0.00025013263593038655,0.07874352453410124,0.3439569536423841,149.10804591163412
softmax_logistic_classifier__raw_primary_with_maturity__best_candidate__C_1p0__class_weight_null__penalty_l2,softmax_logistic_classifier,softmax_logistic,"LogisticRegression(C=1.0,class_weight=None)",best_candidate,raw_primary_with_maturity,23,"{""C"": 1.0, ""class_weight"": null, ""penalty"": ""l2""}",completed,,bbob_validation,64800,0.326904834000743,0.08504508299665758,0.0006408749977708794,0.8093223175628269,0.16818394346065804,0.33927055127848504,0.03404320987654321,0.002668738274772213,0.4309140890237092,0.26745240253853125,147.2515330377917
linear_svm_classifier__raw_primary_with_maturity__best_candidate__C_1p0__class_weight_null,linear_svm_classifier,linear_svm,"LinearSVC(C=1.0,class_weight=None,tol=1e-2)",best_candidate,raw_primary_with_maturity,23,"{""C"": 1.0, ""class_weight"": null}",completed,,bbob_train,194400,0.326904834000743,0.1538806249955087,0.0012733330004266463,0.8046400149780526,0.20235543645421603,-0.47635326116075755,0.013919753086419753,0.00029535047560950924,0.08621536840764513,0.3333333333333333,159.08033667953492
linear_svm_classifier__raw_primary_with_maturity__best_candidate__C_1p0__class_weight_null,linear_svm_classifier,linear_svm,"LinearSVC(C=1.0,class_weight=None,tol=1e-2)",best_candidate,raw_primary_with_maturity,23,"{""C"": 1.0, ""class_weight"": null}",completed,,bbob_validation,64800,0.326904834000743,0.1538806249955087,0.00043654200271703303,0.8139591532465583,0.1753137880734398,-0.47635326116075755,0.03830246913580247,0.004227785903877835,0.5596279778139582,0.306607574536664,141.86462598003422
softmax_logistic_classifier__raw_primary_with_maturity__best_candidate__C_3p0__class_weight_balanced__penalty_l2,softmax_logistic_classifier,softmax_logistic,"LogisticRegression(C=3.0,class_weight='balanced')",best_candidate,raw_primary_with_maturity,23,"{""C"": 3.0, ""class_weight"": ""balanced"", ""penalty"": ""l2""}",completed,,bbob_train,194400,0.326904834000743,0.1094927079975605,0.0021084170002723113,0.8043430042446221,0.19544060971429733,0.9184551183151431,0.012037037037037037,0.00025417369793099295,0.07694068077251111,0.33418803418803417,143.79532037505726
softmax_logistic_classifier__raw_primary_with_maturity__best_candidate__C_3p0__class_weight_balanced__penalty_l2,softmax_logistic_classifier,softmax_logistic,"LogisticRegression(C=3.0,class_weight='balanced')",best_candidate,raw_primary_with_maturity,23,"{""C"": 3.0, ""class_weight"": ""balanced"", ""penalty"": ""l2""}",completed,,bbob_validation,64800,0.326904834000743,0.1094927079975605,0.0007507909976993687,0.8117920468084598,0.1761924661678011,0.9184551183151431,0.037253086419753084,0.004086558466244095,0.5435198128440202,0.30654515327257664,139.04717664447872
linear_svm_classifier__raw_primary_with_maturity__best_candidate__C_3p0__class_weight_balanced,linear_svm_classifier,linear_svm,"LinearSVC(C=3.0,class_weight='balanced',tol=1e-2)",best_candidate,raw_primary_with_maturity,23,"{""C"": 3.0, ""class_weight"": ""balanced""}",completed,,bbob_train,194400,0.326904834000743,0.22094541699334513,0.0014431249946937896,0.8016895873969377,0.1931407560696425,0.9298826513753876,0.010766460905349794,0.00018646376936654174,0.0673375812824267,0.3315814620162446,132.84366956549437
linear_svm_classifier__raw_primary_with_maturity__best_candidate__C_3p0__class_weight_balanced,linear_svm_classifier,linear_svm,"LinearSVC(C=3.0,class_weight='balanced',tol=1e-2)",best_candidate,raw_primary_with_maturity,23,"{""C"": 3.0, ""class_weight"": ""balanced""}",completed,,bbob_validation,64800,0.326904834000743,0.22094541699334513,0.000489791993459221,0.8128345440031471,0.17453701517053466,0.9298826513753876,0.035972222222222225,0.003984382703588915,0.5292369546763008,0.30673530673530675,135.05545206181313
softmax_logistic_classifier__raw_primary_with_maturity__best_candidate__C_3p0__class_weight_null__penalty_l2,softmax_logistic_classifier,softmax_logistic,"LogisticRegression(C=3.0,class_weight=None)",best_candidate,raw_primary_with_maturity,23,"{""C"": 3.0, ""class_weight"": null, ""penalty"": ""l2""}",completed,,bbob_train,194400,0.326904834000743,0.08808304199919803,0.0020429169962881133,0.8028929342003995,0.202729534392773,0.3400753726779475,0.012381687242798353,0.0002506796483579473,0.0785586560728051,0.3444121312837557,148.53748123493352
softmax_logistic_classifier__raw_primary_with_maturity__best_candidate__C_3p0__class_weight_null__penalty_l2,softmax_logistic_classifier,softmax_logistic,"LogisticRegression(C=3.0,class_weight=None)",best_candidate,raw_primary_with_maturity,23,"{""C"": 3.0, ""class_weight"": null, ""penalty"": ""l2""}",completed,,bbob_validation,64800,0.326904834000743,0.08808304199919803,0.0007486250033252873,0.8093027243815601,0.16812798909571489,0.3400753726779475,0.03396604938271605,0.002648582919094809,0.4291143380484472,0.26624261699227625,147.22031575839907
linear_svm_classifier__raw_primary_with_maturity__best_candidate__C_3p0__class_weight_null,linear_svm_classifier,linear_svm,"LinearSVC(C=3.0,class_weight=None,tol=1e-2)",best_candidate,raw_primary_with_maturity,23,"{""C"": 3.0, ""class_weight"": null}",completed,,bbob_train,194400,0.326904834000743,0.15414187499845866,0.0012763340055244043,0.8046401423149281,0.20235626164070078,-0.47633806039352083,0.013919753086419753,0.00029535047560950924,0.08621536840764513,0.3333333333333333,159.08033667953492
linear_svm_classifier__raw_primary_with_maturity__best_candidate__C_3p0__class_weight_null,linear_svm_classifier,linear_svm,"LinearSVC(C=3.0,class_weight=None,tol=1e-2)",best_candidate,raw_primary_with_maturity,23,"{""C"": 3.0, ""class_weight"": null}",completed,,bbob_validation,64800,0.326904834000743,0.15414187499845866,0.0004243750008754432,0.8139586984048505,0.17531380303278282,-0.47633806039352083,0.03830246913580247,0.004227785903877835,0.5596279778139582,0.306607574536664,141.86462598003422
softmax_logistic_classifier__raw_primary_with_maturity__best_candidate__C_10p0__class_weight_balanced__penalty_l2,softmax_logistic_classifier,softmax_logistic,"LogisticRegression(C=10.0,class_weight='balanced')",best_candidate,raw_primary_with_maturity,23,"{""C"": 10.0, ""class_weight"": ""balanced"", ""penalty"": ""l2""}",completed,,bbob_train,194400,0.326904834000743,0.11060812500363681,0.002082917002553586,0.8043370814709682,0.19544487451497772,0.9183016733870462,0.0120679012345679,0.00025312635875742796,0.07719889581425211,0.33418584825234443,144.64733006901542
softmax_logistic_classifier__raw_primary_with_maturity__best_candidate__C_10p0__class_weight_balanced__penalty_l2,softmax_logistic_classifier,softmax_logistic,"LogisticRegression(C=10.0,class_weight='balanced')",best_candidate,raw_primary_with_maturity,23,"{""C"": 10.0, ""class_weight"": ""balanced"", ""penalty"": ""l2""}",completed,,bbob_validation,64800,0.326904834000743,0.11060812500363681,0.0006969590031076223,0.811791137125044,0.17619552271613914,0.9183016733870462,0.037253086419753084,0.004086558466244095,0.5435198128440202,0.30654515327257664,139.04717664447872
linear_svm_classifier__raw_primary_with_maturity__best_candidate__C_10p0__class_weight_balanced,linear_svm_classifier,linear_svm,"LinearSVC(C=10.0,class_weight='balanced',tol=1e-2)",best_candidate,raw_primary_with_maturity,23,"{""C"": 10.0, ""class_weight"": ""balanced""}",completed,,bbob_train,194400,0.326904834000743,0.22121554100158392,0.0013957080009276979,0.8016895860178381,0.19314113507664127,0.9298749371567924,0.010766460905349794,0.00018646376936654174,0.0673375812824267,0.3315814620162446,132.84366956549437
linear_svm_classifier__raw_primary_with_maturity__best_candidate__C_10p0__class_weight_balanced,linear_svm_classifier,linear_svm,"LinearSVC(C=10.0,class_weight='balanced',tol=1e-2)",best_candidate,raw_primary_with_maturity,23,"{""C"": 10.0, ""class_weight"": ""balanced""}",completed,,bbob_validation,64800,0.326904834000743,0.22121554100158392,0.0004455410016817041,0.8128344784009778,0.17453710455629126,0.9298749371567924,0.035972222222222225,0.003984382703588915,0.5292369546763008,0.30673530673530675,135.05545206181313
softmax_logistic_classifier__raw_primary_with_maturity__best_candidate__C_10p0__class_weight_null__penalty_l2,softmax_logistic_classifier,softmax_logistic,"LogisticRegression(C=10.0,class_weight=None)",best_candidate,raw_primary_with_maturity,23,"{""C"": 10.0, ""class_weight"": null, ""penalty"": ""l2""}",completed,,bbob_train,194400,0.326904834000743,0.08748341599857667,0.0019373749964870512,0.8028798709080271,0.20273116335560243,0.34017952871444646,0.01235082304526749,0.00025195027271762385,0.07855051030700806,0.3448563098708871,148.27001692700242
softmax_logistic_classifier__raw_primary_with_maturity__best_candidate__C_10p0__class_weight_null__penalty_l2,softmax_logistic_classifier,softmax_logistic,"LogisticRegression(C=10.0,class_weight=None)",best_candidate,raw_primary_with_maturity,23,"{""C"": 10.0, ""class_weight"": null, ""penalty"": ""l2""}",completed,,bbob_validation,64800,0.326904834000743,0.08748341599857667,0.0007171249962993897,0.8092703431507344,0.168085046700378,0.34017952871444646,0.03390432098765432,0.002655444927783122,0.4291143380484472,0.26672735548475196,146.77565759539632
linear_svm_classifier__raw_primary_with_maturity__best_candidate__C_10p0__class_weight_null,linear_svm_classifier,linear_svm,"LinearSVC(C=10.0,class_weight=None,tol=1e-2)",best_candidate,raw_primary_with_maturity,23,"{""C"": 10.0, ""class_weight"": null}",completed,,bbob_train,194400,0.326904834000743,0.1565205410006456,0.0012943750043632463,0.8046401574850252,0.202356496373709,-0.47633307869028946,0.013919753086419753,0.00029535047560950924,0.08621536840764513,0.3333333333333333,159.08033667953492
linear_svm_classifier__raw_primary_with_maturity__best_candidate__C_10p0__class_weight_null,linear_svm_classifier,linear_svm,"LinearSVC(C=10.0,class_weight=None,tol=1e-2)",best_candidate,raw_primary_with_maturity,23,"{""C"": 10.0, ""class_weight"": null}",completed,,bbob_validation,64800,0.326904834000743,0.1565205410006456,0.0004428329993970692,0.8139584622370405,0.17531352415645918,-0.47633307869028946,0.03830246913580247,0.004227785903877835,0.5596279778139582,0.306607574536664,141.86462598003422
lda_classifier__engineered_univariate_selected__best_candidate__shrinkage_null__solver_svd,lda_classifier,lda,LinearDiscriminantAnalysis(solver='svd'),best_candidate,engineered_univariate_selected,48,"{""shrinkage"": null, ""solver"": ""svd""}",completed,,bbob_train,194400,9.968649292000919,0.24465183300344506,0.003130124998278916,0.8334107205188429,0.2199263438679947,0.4899230467207452,0.01058641975308642,0.0004278328731032773,0.08031795077228789,0.34159378036929056,118.51668084406373
lda_classifier__engineered_univariate_selected__best_candidate__shrinkage_null__solver_svd,lda_classifier,lda,LinearDiscriminantAnalysis(solver='svd'),best_candidate,engineered_univariate_selected,48,"{""shrinkage"": null, ""solver"": ""svd""}",completed,,bbob_validation,64800,9.968649292000919,0.24465183300344506,0.001218749996041879,0.7943811960565661,0.13347513133546626,0.4899230467207452,0.0012345679012345679,-4.124670650781236e-05,0.004251596407567386,0.325,5.831886546059824
lda_classifier__engineered_univariate_selected__best_candidate__shrinkage_null__solver_lsqr,lda_classifier,lda,"LinearDiscriminantAnalysis(solver='lsqr',shrinkage=None)",best_candidate,engineered_univariate_selected,48,"{""shrinkage"": null, ""solver"": ""lsqr""}",completed,,bbob_train,194400,9.968649292000919,0.0677382089997991,0.003016582995769568,0.8332069265841253,0.21994229843589433,0.4687168233502314,0.010715020576131688,0.0003790222938320353,0.07816820059869319,0.3398943831012962,122.60719342434773
lda_classifier__engineered_univariate_selected__best_candidate__shrinkage_null__solver_lsqr,lda_classifier,lda,"LinearDiscriminantAnalysis(solver='lsqr',shrinkage=None)",best_candidate,engineered_univariate_selected,48,"{""shrinkage"": null, ""solver"": ""lsqr""}",completed,,bbob_validation,64800,9.968649292000919,0.0677382089997991,0.0012166249944129959,0.7940224352859199,0.133712622464155,0.4687168233502314,0.00125,-4.1806722068500585e-05,0.004251596407567386,0.32098765432098764,5.8681755543924226
lda_classifier__engineered_univariate_selected__best_candidate__shrinkage_auto__solver_lsqr,lda_classifier,lda,"LinearDiscriminantAnalysis(solver='lsqr',shrinkage='auto')",best_candidate,engineered_univariate_selected,48,"{""shrinkage"": ""auto"", ""solver"": ""lsqr""}",completed,,bbob_train,194400,9.968649292000919,0.10706087500147987,0.0029456249976647086,0.7651024507287669,0.16752949088715102,0.7664285701257266,0.003461934156378601,0.0001359887479710436,0.022795121859530497,0.32392273402674593,30.804897504001126
lda_classifier__engineered_univariate_selected__best_candidate__shrinkage_auto__solver_lsqr,lda_classifier,lda,"LinearDiscriminantAnalysis(solver='lsqr',shrinkage='auto')",best_candidate,engineered_univariate_selected,48,"{""shrinkage"": ""auto"", ""solver"": ""lsqr""}",completed,,bbob_validation,64800,9.968649292000919,0.10706087500147987,0.0010293750019627623,0.7870588131102436,0.1262333186950484,0.7664285701257266,0.0,0.0,0.0,0.0,-0.0
lda_classifier__engineered_univariate_selected__best_candidate__shrinkage_0p1__solver_lsqr,lda_classifier,lda,"LinearDiscriminantAnalysis(solver='lsqr',shrinkage=0.1)",best_candidate,engineered_univariate_selected,48,"{""shrinkage"": 0.1, ""solver"": ""lsqr""}",completed,,bbob_train,194400,9.968649292000919,0.06702212499658344,0.0028889580062241293,0.7148423812273534,0.13219068331847236,0.07199356522229974,0.0028189300411522633,7.147752493400607e-05,0.019254740054163947,0.291970802919708,34.45558308413434
lda_classifier__engineered_univariate_selected__best_candidate__shrinkage_0p1__solver_lsqr,lda_classifier,lda,"LinearDiscriminantAnalysis(solver='lsqr',shrinkage=0.1)",best_candidate,engineered_univariate_selected,48,"{""shrinkage"": 0.1, ""solver"": ""lsqr""}",completed,,bbob_validation,64800,9.968649292000919,0.06702212499658344,0.0010457500029588118,0.7815807301936938,0.17919834443465857,0.07199356522229974,1.54320987654321e-05,-2.255713885782998e-06,0.0,0.0,0.14617025979873827
lda_classifier__engineered_univariate_selected__best_candidate__shrinkage_0p3__solver_lsqr,lda_classifier,lda,"LinearDiscriminantAnalysis(solver='lsqr',shrinkage=0.3)",best_candidate,engineered_univariate_selected,48,"{""shrinkage"": 0.3, ""solver"": ""lsqr""}",completed,,bbob_train,194400,9.968649292000919,0.06646287500188919,0.003177708000293933,0.7133455817677727,0.12668704596535,0.06821339335159679,0.0013991769547325103,1.4340535595266036e-05,0.009929248838226466,0.23161764705882354,22.145658431484858
lda_classifier__engineered_univariate_selected__best_candidate__shrinkage_0p3__solver_lsqr,lda_classifier,lda,"LinearDiscriminantAnalysis(solver='lsqr',shrinkage=0.3)",best_candidate,engineered_univariate_selected,48,"{""shrinkage"": 0.3, ""solver"": ""lsqr""}",completed,,bbob_validation,64800,9.968649292000919,0.06646287500188919,0.0010628750023897737,0.7817015693897653,0.17938924655642616,0.06821339335159679,1.54320987654321e-05,-2.255713885782998e-06,0.0,0.0,0.14617025979873827
lda_classifier__engineered_univariate_selected__best_candidate__shrinkage_0p5__solver_lsqr,lda_classifier,lda,"LinearDiscriminantAnalysis(solver='lsqr',shrinkage=0.5)",best_candidate,engineered_univariate_selected,48,"{""shrinkage"": 0.5, ""solver"": ""lsqr""}",completed,,bbob_train,194400,9.968649292000919,0.06681237500015413,0.0029936249993625097,0.7126611575552034,0.12440260576490153,0.7649369244663841,6.17283950617284e-05,1.0889534223274857e-05,0.0011036649878172372,0.6666666666666666,0.6545012356100124
lda_classifier__engineered_univariate_selected__best_candidate__shrinkage_0p5__solver_lsqr,lda_classifier,lda,"LinearDiscriminantAnalysis(solver='lsqr',shrinkage=0.5)",best_candidate,engineered_univariate_selected,48,"{""shrinkage"": 0.5, ""solver"": ""lsqr""}",completed,,bbob_validation,64800,9.968649292000919,0.06681237500015413,0.0011444580013630912,0.781735769987423,0.1794306942904946,0.7649369244663841,0.0,0.0,0.0,0.0,-0.0
lda_classifier__engineered_univariate_selected__best_candidate__shrinkage_0p7__solver_lsqr,lda_classifier,lda,"LinearDiscriminantAnalysis(solver='lsqr',shrinkage=0.7)",best_candidate,engineered_univariate_selected,48,"{""shrinkage"": 0.7, ""solver"": ""lsqr""}",completed,,bbob_train,194400,9.968649292000919,0.06619545799912885,0.0028884170023957267,0.7120984131508902,0.12309323197157768,0.6991939142172562,6.17283950617284e-05,1.0889534223274857e-05,0.0011036649878172372,0.6666666666666666,0.6545012356100124
lda_classifier__engineered_univariate_selected__best_candidate__shrinkage_0p7__solver_lsqr,lda_classifier,lda,"LinearDiscriminantAnalysis(solver='lsqr',shrinkage=0.7)",best_candidate,engineered_univariate_selected,48,"{""shrinkage"": 0.7, ""solver"": ""lsqr""}",completed,,bbob_validation,64800,9.968649292000919,0.06619545799912885,0.0010393339980510063,0.7817527347084351,0.17944380651864003,0.6991939142172562,0.0,0.0,0.0,0.0,-0.0
softmax_logistic_classifier__engineered_univariate_selected__best_candidate__C_0p03__class_weight_balanced__penalty_l2,softmax_logistic_classifier,softmax_logistic,"LogisticRegression(C=0.03,class_weight='balanced')",best_candidate,engineered_univariate_selected,48,"{""C"": 0.03, ""class_weight"": ""balanced"", ""penalty"": ""l2""}",completed,,bbob_train,194400,9.968649292000919,9.521105125000759,0.0031401659944094718,0.8120317337247621,0.19693650779260077,0.8495343731867847,0.015246913580246914,0.0004769691658244885,0.11292896073816432,0.3006072874493927,190.8544926755133
softmax_logistic_classifier__engineered_univariate_selected__best_candidate__C_0p03__class_weight_balanced__penalty_l2,softmax_logistic_classifier,softmax_logistic,"LogisticRegression(C=0.03,class_weight='balanced')",best_candidate,engineered_univariate_selected,48,"{""C"": 0.03, ""class_weight"": ""balanced"", ""penalty"": ""l2""}",completed,,bbob_validation,64800,9.968649292000919,9.521105125000759,0.0010657090024324134,0.8017578407439547,0.12639785203526793,0.8495343731867847,0.031157407407407408,-0.00299817037727379,0.021306441956444582,0.0866765725606736,210.1129478560182
linear_svm_classifier__engineered_univariate_selected__best_candidate__C_0p03__class_weight_balanced,linear_svm_classifier,linear_svm,"LinearSVC(C=0.03,class_weight='balanced',tol=1e-2)",best_candidate,engineered_univariate_selected,48,"{""C"": 0.03, ""class_weight"": ""balanced""}",completed,,bbob_train,194400,9.968649292000919,6.46222208400286,0.0024409159959759563,0.835342842462892,0.21115029121618914,0.9900833970408444,0.003148148148148148,0.00027548598827489433,0.035454981079686816,0.3660130718954248,35.47696176424428
linear_svm_classifier__engineered_univariate_selected__best_candidate__C_0p03__class_weight_balanced,linear_svm_classifier,linear_svm,"LinearSVC(C=0.03,class_weight='balanced',tol=1e-2)",best_candidate,engineered_univariate_selected,48,"{""C"": 0.03, ""class_weight"": ""balanced""}",completed,,bbob_validation,64800,9.968649292000919,6.46222208400286,0.0008336659957421944,0.8079909302814038,0.13133366294153012,0.9900833970408444,0.0007098765432098765,-6.359864830378394e-05,0.0015258405540923758,0.13043478260869565,5.254950739418362
softmax_logistic_classifier__engineered_univariate_selected__best_candidate__C_0p03__class_weight_null__penalty_l2,softmax_logistic_classifier,softmax_logistic,"LogisticRegression(C=0.03,class_weight=None)",best_candidate,engineered_univariate_selected,48,"{""C"": 0.03, ""class_weight"": null, ""penalty"": ""l2""}",completed,,bbob_train,194400,9.968649292000919,8.235017166000034,0.0029603750008391216,0.8011481174448083,0.19927027331799138,0.26561968510403444,0.015390946502057613,0.0007230113044636355,0.12336953969844223,0.34358288770053474,169.24136681679687
softmax_logistic_classifier__engineered_univariate_selected__best_candidate__C_0p03__class_weight_null__penalty_l2,softmax_logistic_classifier,softmax_logistic,"LogisticRegression(C=0.03,class_weight=None)",best_candidate,engineered_univariate_selected,48,"{""C"": 0.03, ""class_weight"": null, ""penalty"": ""l2""}",completed,,bbob_validation,64800,9.968649292000919,8.235017166000034,0.0010269999984302558,0.7953158826460285,0.12333152374237501,0.26561968510403444,0.03839506172839506,-0.0035745395602735787,0.02727193410875119,0.09003215434083602,251.89426146137183
linear_svm_classifier__engineered_univariate_selected__best_candidate__C_0p03__class_weight_null,linear_svm_classifier,linear_svm,"LinearSVC(C=0.03,class_weight=None,tol=1e-2)",best_candidate,engineered_univariate_selected,48,"{""C"": 0.03, ""class_weight"": null}",completed,,bbob_train,194400,9.968649292000919,1.9507214580007712,0.0024065830002655275,0.8045502553525206,0.1990518056181985,-0.5847916985723783,0.022484567901234567,0.0005089737246821111,0.14962703266380872,0.3143445435827042,276.7857849896829
linear_svm_classifier__engineered_univariate_selected__best_candidate__C_0p03__class_weight_null,linear_svm_classifier,linear_svm,"LinearSVC(C=0.03,class_weight=None,tol=1e-2)",best_candidate,engineered_univariate_selected,48,"{""C"": 0.03, ""class_weight"": null}",completed,,bbob_validation,64800,9.968649292000919,1.9507214580007712,0.0008814169996185228,0.8005503934544781,0.12864417703368508,-0.5847916985723783,0.04282407407407408,-0.003974951890292669,0.03610510085445742,0.0918918918918919,284.4043637211412
softmax_logistic_classifier__engineered_univariate_selected__best_candidate__C_0p1__class_weight_balanced__penalty_l2,softmax_logistic_classifier,softmax_logistic,"LogisticRegression(C=0.1,class_weight='balanced')",best_candidate,engineered_univariate_selected,48,"{""C"": 0.1, ""class_weight"": ""balanced"", ""penalty"": ""l2""}",completed,,bbob_train,194400,9.968649292000919,9.711360250003054,0.0031463750055991113,0.8221281720590791,0.20084008419207677,0.8969649776670336,0.006311728395061728,0.0003494476116755742,0.05647458719217459,0.33577832110839445,73.8814129136044
softmax_logistic_classifier__engineered_univariate_selected__best_candidate__C_0p1__class_weight_balanced__penalty_l2,softmax_logistic_classifier,softmax_logistic,"LogisticRegression(C=0.1,class_weight='balanced')",best_candidate,engineered_univariate_selected,48,"{""C"": 0.1, ""class_weight"": ""balanced"", ""penalty"": ""l2""}",completed,,bbob_validation,64800,9.968649292000919,9.711360250003054,0.0010488340049050748,0.8057694527652899,0.12896147438760439,0.8969649776670336,0.0066975308641975305,-0.000663284617045769,0.0054283781278753164,0.0944700460829493,47.01433731391115
linear_svm_classifier__engineered_univariate_selected__best_candidate__C_0p1__class_weight_balanced,linear_svm_classifier,linear_svm,"LinearSVC(C=0.1,class_weight='balanced',tol=1e-2)",best_candidate,engineered_univariate_selected,48,"{""C"": 0.1, ""class_weight"": ""balanced""}",completed,,bbob_train,194400,9.968649292000919,6.353868083002453,0.002400083998509217,0.8384159349891724,0.21154807103450582,1.0679432857517484,0.002361111111111111,0.0002432800188798351,0.029780609956530462,0.39215686274509803,27.488819284667994
linear_svm_classifier__engineered_univariate_selected__best_candidate__C_0p1__class_weight_balanced,linear_svm_classifier,linear_svm,"LinearSVC(C=0.1,class_weight='balanced',tol=1e-2)",best_candidate,engineered_univariate_selected,48,"{""C"": 0.1, ""class_weight"": ""balanced""}",completed,,bbob_validation,64800,9.968649292000919,6.353868083002453,0.000826458002848085,0.808584612420743,0.1323016798124895,1.0679432857517484,0.0002623456790123457,-2.1941228892152013e-05,0.0008515982840835795,0.17647058823529413,2.0545619732775946
softmax_logistic_classifier__engineered_univariate_selected__best_candidate__C_0p1__class_weight_null__penalty_l2,softmax_logistic_classifier,softmax_logistic,"LogisticRegression(C=0.1,class_weight=None)",best_candidate,engineered_univariate_selected,48,"{""C"": 0.1, ""class_weight"": null, ""penalty"": ""l2""}",completed,,bbob_train,194400,9.968649292000919,9.764331749996927,0.002916249999543652,0.8084744399717212,0.2038235700808963,0.2759657182570901,0.01411522633744856,0.0007092746887947893,0.12071846943045435,0.3454810495626822,165.254629834483
softmax_logistic_classifier__engineered_univariate_selected__best_candidate__C_0p1__class_weight_null__penalty_l2,softmax_logistic_classifier,softmax_logistic,"LogisticRegression(C=0.1,class_weight=None)",best_candidate,engineered_univariate_selected,48,"{""C"": 0.1, ""class_weight"": null, ""penalty"": ""l2""}",completed,,bbob_validation,64800,9.968649292000919,9.764331749996927,0.0010171670001000166,0.7991568065694886,0.1252633716380868,0.2759657182570901,0.03473765432098765,-0.003268603234424636,0.024168436703095365,0.08751665926254998,229.7635693819531
linear_svm_classifier__engineered_univariate_selected__best_candidate__C_0p1__class_weight_null,linear_svm_classifier,linear_svm,"LinearSVC(C=0.1,class_weight=None,tol=1e-2)",best_candidate,engineered_univariate_selected,48,"{""C"": 0.1, ""class_weight"": null}",completed,,bbob_train,194400,9.968649292000919,3.621199458000774,0.002406916995823849,0.8012640797354202,0.19711690381560623,-0.5784718177302252,0.019804526748971193,0.0004954699321359278,0.1327672755564497,0.32051948051948054,237.0741793842684
linear_svm_classifier__engineered_univariate_selected__best_candidate__C_0p1__class_weight_null,linear_svm_classifier,linear_svm,"LinearSVC(C=0.1,class_weight=None,tol=1e-2)",best_candidate,engineered_univariate_selected,48,"{""C"": 0.1, ""class_weight"": null}",completed,,bbob_validation,64800,9.968649292000919,3.621199458000774,0.0008297500025946647,0.7964702971417463,0.1264205308601762,-0.5784718177302252,0.03958333333333333,-0.0037458229381150004,0.027727539437335802,0.08927875243664718,263.3319566611995
softmax_logistic_classifier__engineered_univariate_selected__best_candidate__C_0p3__class_weight_balanced__penalty_l2,softmax_logistic_classifier,softmax_logistic,"LogisticRegression(C=0.3,class_weight='balanced')",best_candidate,engineered_univariate_selected,48,"{""C"": 0.3, ""class_weight"": ""balanced"", ""penalty"": ""l2""}",completed,,bbob_train,194400,9.968649292000919,9.76159508300043,0.0031826660051592626,0.8265789557979869,0.19649766560439463,0.9351106755134897,0.003199588477366255,0.0002871453415421192,0.03826711034658389,0.39228295819935693,40.27195578516601
softmax_logistic_classifier__engineered_univariate_selected__best_candidate__C_0p3__class_weight_balanced__penalty_l2,softmax_logistic_classifier,softmax_logistic,"LogisticRegression(C=0.3,class_weight='balanced')",best_candidate,engineered_univariate_selected,48,"{""C"": 0.3, ""class_weight"": ""balanced"", ""penalty"": ""l2""}",completed,,bbob_validation,64800,9.968649292000919,9.76159508300043,0.001091582998924423,0.8087021933757336,0.13050084400168144,0.9351106755134897,0.0016049382716049382,-0.0001632450195035592,0.0025547947680428233,0.10576923076923077,12.476588224459345
linear_svm_classifier__engineered_univariate_selected__best_candidate__C_0p3__class_weight_balanced,linear_svm_classifier,linear_svm,"LinearSVC(C=0.3,class_weight='balanced',tol=1e-2)",best_candidate,engineered_univariate_selected,48,"{""C"": 0.3, ""class_weight"": ""balanced""}",completed,,bbob_train,194400,9.968649292000919,5.191612499998882,0.00242529199749697,0.8412073376606575,0.21215147202862691,1.1572021098822742,0.002021604938271605,0.00024062641156279193,0.028803179122166473,0.4223918575063613,25.550241989628493
linear_svm_classifier__engineered_univariate_selected__best_candidate__C_0p3__class_weight_balanced,linear_svm_classifier,linear_svm,"LinearSVC(C=0.3,class_weight='balanced',tol=1e-2)",best_candidate,engineered_univariate_selected,48,"{""C"": 0.3, ""class_weight"": ""balanced""}",completed,,bbob_validation,64800,9.968649292000919,5.191612499998882,0.0008312499994644895,0.8098265052226434,0.13459042074097677,1.1572021098822742,0.0001080246913580247,-2.220256535807921e-05,0.0004941836821668677,0.14285714285714285,1.8059237542198598
softmax_logistic_classifier__engineered_univariate_selected__best_candidate__C_0p3__class_weight_null__penalty_l2,softmax_logistic_classifier,softmax_logistic,"LogisticRegression(C=0.3,class_weight=None)",best_candidate,engineered_univariate_selected,48,"{""C"": 0.3, ""class_weight"": null, ""penalty"": ""l2""}",completed,,bbob_train,194400,9.968649292000919,9.401045999999042,0.002949541994894389,0.8149475194698301,0.2071116108786996,0.26147784897695703,0.01743312757201646,0.0005950630771540454,0.13643038759896287,0.3328415461788138,226.91175757493804
softmax_logistic_classifier__engineered_univariate_selected__best_candidate__C_0p3__class_weight_null__penalty_l2,softmax_logistic_classifier,softmax_logistic,"LogisticRegression(C=0.3,class_weight=None)",best_candidate,engineered_univariate_selected,48,"{""C"": 0.3, ""class_weight"": null, ""penalty"": ""l2""}",completed,,bbob_validation,64800,9.968649292000919,9.401045999999042,0.0010122919993591495,0.8058115299967561,0.1284332830279865,0.26147784897695703,0.03608024691358025,-0.0035020989222146535,0.02627144064645577,0.0855431993156544,246.45670291906106
linear_svm_classifier__engineered_univariate_selected__best_candidate__C_0p3__class_weight_null,linear_svm_classifier,linear_svm,"LinearSVC(C=0.3,class_weight=None,tol=1e-2)",best_candidate,engineered_univariate_selected,48,"{""C"": 0.3, ""class_weight"": null}",completed,,bbob_train,194400,9.968649292000919,3.7728065839983174,0.002439542004140094,0.8158349724466147,0.20669994206833117,-0.571396346853769,0.019876543209876543,0.0005047521965031006,0.14207942708514434,0.32091097308488614,258.6535651191286
linear_svm_classifier__engineered_univariate_selected__best_candidate__C_0p3__class_weight_null,linear_svm_classifier,linear_svm,"LinearSVC(C=0.3,class_weight=None,tol=1e-2)",best_candidate,engineered_univariate_selected,48,"{""C"": 0.3, ""class_weight"": null}",completed,,bbob_validation,64800,9.968649292000919,3.7728065839983174,0.000832874997286126,0.8056395910841841,0.13091273740022538,-0.571396346853769,0.038919753086419755,-0.0036314176929286017,0.035621576045472524,0.09080095162569389,261.7840701664429
softmax_logistic_classifier__engineered_univariate_selected__best_candidate__C_1p0__class_weight_balanced__penalty_l2,softmax_logistic_classifier,softmax_logistic,"LogisticRegression(C=1.0,class_weight='balanced')",best_candidate,engineered_univariate_selected,48,"{""C"": 1.0, ""class_weight"": ""balanced"", ""penalty"": ""l2""}",completed,,bbob_train,194400,9.968649292000919,9.717416458996013,0.003202790998329874,0.8359533802580078,0.20071334678894248,0.9595022321164859,0.0021296296296296298,0.000262129592693188,0.02959138513189531,0.39371980676328505,23.349297357153084
softmax_logistic_classifier__engineered_univariate_selected__best_candidate__C_1p0__class_weight_balanced__penalty_l2,softmax_logistic_classifier,softmax_logistic,"LogisticRegression(C=1.0,class_weight='balanced')",best_candidate,engineered_univariate_selected,48,"{""C"": 1.0, ""class_weight"": ""balanced"", ""penalty"": ""l2""}",completed,,bbob_validation,64800,9.968649292000919,9.717416458996013,0.0011106670062872581,0.8081518042947337,0.13143193180880244,0.9595022321164859,3.08641975308642e-05,-8.586151639318856e-06,0.0,0.0,0.5563826262278618
linear_svm_classifier__engineered_univariate_selected__best_candidate__C_1p0__class_weight_balanced,linear_svm_classifier,linear_svm,"LinearSVC(C=1.0,class_weight='balanced',tol=1e-2)",best_candidate,engineered_univariate_selected,48,"{""C"": 1.0, ""class_weight"": ""balanced""}",completed,,bbob_train,194400,9.968649292000919,6.011425916003645,0.0024393749990849756,0.8379642094924777,0.21080489136774527,1.029382410588891,0.003184156378600823,0.00024136252375497576,0.03579331666819524,0.3554119547657512,42.96016191329089
linear_svm_classifier__engineered_univariate_selected__best_candidate__C_1p0__class_weight_balanced,linear_svm_classifier,linear_svm,"LinearSVC(C=1.0,class_weight='balanced',tol=1e-2)",best_candidate,engineered_univariate_selected,48,"{""C"": 1.0, ""class_weight"": ""balanced""}",completed,,bbob_validation,64800,9.968649292000919,6.011425916003645,0.0008358330014743842,0.8091271336148906,0.13222480692569386,1.029382410588891,0.0006944444444444445,-9.118600423714273e-05,0.0009946676778938236,0.1111111111111111,6.647929488354659
softmax_logistic_classifier__engineered_univariate_selected__best_candidate__C_1p0__class_weight_null__penalty_l2,softmax_logistic_classifier,softmax_logistic,"LogisticRegression(C=1.0,class_weight=None)",best_candidate,engineered_univariate_selected,48,"{""C"": 1.0, ""class_weight"": null, ""penalty"": ""l2""}",completed,,bbob_train,194400,9.968649292000919,9.68603716600046,0.002963792001537513,0.820772346242871,0.20872792409781857,0.3207875701711555,0.007016460905349795,0.00044655966674399554,0.06796453735823349,0.34750733137829914,83.85538420760537
softmax_logistic_classifier__engineered_univariate_selected__best_candidate__C_1p0__class_weight_null__penalty_l2,softmax_logistic_classifier,softmax_logistic,"LogisticRegression(C=1.0,class_weight=None)",best_candidate,engineered_univariate_selected,48,"{""C"": 1.0, ""class_weight"": null, ""penalty"": ""l2""}",completed,,bbob_validation,64800,9.968649292000919,9.68603716600046,0.0010090419964399189,0.8048025730045543,0.1277868149892007,0.3207875701711555,0.009429012345679012,-0.000944873681064673,0.006719423304604504,0.0867430441898527,66.22060497854447
linear_svm_classifier__engineered_univariate_selected__best_candidate__C_1p0__class_weight_null,linear_svm_classifier,linear_svm,"LinearSVC(C=1.0,class_weight=None,tol=1e-2)",best_candidate,engineered_univariate_selected,48,"{""C"": 1.0, ""class_weight"": null}",completed,,bbob_train,194400,9.968649292000919,3.79695575000369,0.0024129579978762195,0.7940426701520574,0.19300582555355045,-0.5878292246723787,0.023549382716049384,0.00035781969198989263,0.1456839945914104,0.3071210135430319,296.26871767560255
linear_svm_classifier__engineered_univariate_selected__best_candidate__C_1p0__class_weight_null,linear_svm_classifier,linear_svm,"LinearSVC(C=1.0,class_weight=None,tol=1e-2)",best_candidate,engineered_univariate_selected,48,"{""C"": 1.0, ""class_weight"": null}",completed,,bbob_validation,64800,9.968649292000919,3.79695575000369,0.0008304579969262704,0.7895704052869226,0.12305398172787302,-0.5878292246723787,0.044737654320987655,-0.004247309879094596,0.03199067161206005,0.09313556398758192,298.9959819205545
softmax_logistic_classifier__engineered_univariate_selected__best_candidate__C_3p0__class_weight_balanced__penalty_l2,softmax_logistic_classifier,softmax_logistic,"LogisticRegression(C=3.0,class_weight='balanced')",best_candidate,engineered_univariate_selected,48,"{""C"": 3.0, ""class_weight"": ""balanced"", ""penalty"": ""l2""}",completed,,bbob_train,194400,9.968649292000919,9.955158582997683,0.0032193329971050844,0.8376554030891794,0.20143872128733803,0.9632377942533161,0.0022633744855967077,0.000269859590788079,0.030979058696657603,0.38636363636363635,25.33118983737598
softmax_logistic_classifier__engineered_univariate_selected__best_candidate__C_3p0__class_weight_balanced__penalty_l2,softmax_logistic_classifier,softmax_logistic,"LogisticRegression(C=3.0,class_weight='balanced')",best_candidate,engineered_univariate_selected,48,"{""C"": 3.0, ""class_weight"": ""balanced"", ""penalty"": ""l2""}",completed,,bbob_validation,64800,9.968649292000919,9.955158582997683,0.0010598750013741665,0.8055132194384913,0.12992192925222235,0.9632377942533161,1.54320987654321e-05,-1.7811834264556078e-06,0.0,0.0,0.11542068603432339
linear_svm_classifier__engineered_univariate_selected__best_candidate__C_3p0__class_weight_balanced,linear_svm_classifier,linear_svm,"LinearSVC(C=3.0,class_weight='balanced',tol=1e-2)",best_candidate,engineered_univariate_selected,48,"{""C"": 3.0, ""class_weight"": ""balanced""}",completed,,bbob_train,194400,9.968649292000919,12.539295375005167,0.0024083749958663248,0.8378930562208455,0.21053358075149248,1.0298659991913555,0.0032150205761316874,0.0002552301186507809,0.03653243530141448,0.3552,42.12031133155419
linear_svm_classifier__engineered_univariate_selected__best_candidate__C_3p0__class_weight_balanced,linear_svm_classifier,linear_svm,"LinearSVC(C=3.0,class_weight='balanced',tol=1e-2)",best_candidate,engineered_univariate_selected,48,"{""C"": 3.0, ""class_weight"": ""balanced""}",completed,,bbob_validation,64800,9.968649292000919,12.539295375005167,0.0008430829984718002,0.8089172985157836,0.1321361778918151,1.0298659991913555,0.0007098765432098765,-9.270408418097895e-05,0.0009946676778938236,0.10869565217391304,6.746301068715246
softmax_logistic_classifier__engineered_univariate_selected__best_candidate__C_3p0__class_weight_null__penalty_l2,softmax_logistic_classifier,softmax_logistic,"LogisticRegression(C=3.0,class_weight=None)",best_candidate,engineered_univariate_selected,48,"{""C"": 3.0, ""class_weight"": null, ""penalty"": ""l2""}",completed,,bbob_train,194400,9.968649292000919,9.766709167000954,0.002938666999398265,0.8212120561032906,0.2135183119430557,0.2697058299458112,0.015787037037037037,0.0005206149897244263,0.12435617222098075,0.33463668947539915,211.06475543161596
softmax_logistic_classifier__engineered_univariate_selected__best_candidate__C_3p0__class_weight_null__penalty_l2,softmax_logistic_classifier,softmax_logistic,"LogisticRegression(C=3.0,class_weight=None)",best_candidate,engineered_univariate_selected,48,"{""C"": 3.0, ""class_weight"": null, ""penalty"": ""l2""}",completed,,bbob_validation,64800,9.968649292000919,9.766709167000954,0.0010156670032301918,0.8037778408773458,0.1267455090736844,0.2697058299458112,0.028996913580246912,-0.0028488511074488978,0.018035291701097654,0.07876530069185737,198.00646847920336
linear_svm_classifier__engineered_univariate_selected__best_candidate__C_3p0__class_weight_null,linear_svm_classifier,linear_svm,"LinearSVC(C=3.0,class_weight=None,tol=1e-2)",best_candidate,engineered_univariate_selected,48,"{""C"": 3.0, ""class_weight"": null}",completed,,bbob_train,194400,9.968649292000919,3.5548353749982198,0.00245445899781771,0.818156014766111,0.20801807916631387,-0.5730859047705078,0.02001028806584362,0.0004903228955147069,0.14304757604873006,0.3195372750642674,263.88975196918096
linear_svm_classifier__engineered_univariate_selected__best_candidate__C_3p0__class_weight_null,linear_svm_classifier,linear_svm,"LinearSVC(C=3.0,class_weight=None,tol=1e-2)",best_candidate,engineered_univariate_selected,48,"{""C"": 3.0, ""class_weight"": null}",completed,,bbob_validation,64800,9.968649292000919,3.5548353749982198,0.000853459001518786,0.8062045919550528,0.13131996271557045,-0.5730859047705078,0.03799382716049383,-0.003546523730852167,0.0349328233540514,0.09057676685621446,255.77117163336038
softmax_logistic_classifier__engineered_univariate_selected__best_candidate__C_10p0__class_weight_balanced__penalty_l2,softmax_logistic_classifier,softmax_logistic,"LogisticRegression(C=10.0,class_weight='balanced')",best_candidate,engineered_univariate_selected,48,"{""C"": 10.0, ""class_weight"": ""balanced"", ""penalty"": ""l2""}",completed,,bbob_train,194400,9.968649292000919,9.828811042003508,0.0031684999994467944,0.8371516092223598,0.20054817153627683,0.9610361882655785,0.0024022633744855966,0.00024947967929919886,0.03035265879514665,0.3576017130620985,27.720084154622658
softmax_logistic_classifier__engineered_univariate_selected__best_candidate__C_10p0__class_weight_balanced__penalty_l2,softmax_logistic_classifier,softmax_logistic,"LogisticRegression(C=10.0,class_weight='balanced')",best_candidate,engineered_univariate_selected,48,"{""C"": 10.0, ""class_weight"": ""balanced"", ""penalty"": ""l2""}",completed,,bbob_validation,64800,9.968649292000919,9.828811042003508,0.001080250003724359,0.808125064850478,0.13240117861839337,0.9610361882655785,1.54320987654321e-05,-1.7811834264556078e-06,0.0,0.0,0.11542068603432339
linear_svm_classifier__engineered_univariate_selected__best_candidate__C_10p0__class_weight_balanced,linear_svm_classifier,linear_svm,"LinearSVC(C=10.0,class_weight='balanced',tol=1e-2)",best_candidate,engineered_univariate_selected,48,"{""C"": 10.0, ""class_weight"": ""balanced""}",completed,,bbob_train,194400,9.968649292000919,10.993849791993853,0.0024025829989113845,0.8419284875289705,0.2111318785198361,1.1235770966545526,0.0027160493827160493,0.0002341780135706964,0.03390023670956474,0.39015151515151514,39.603094388218196
linear_svm_classifier__engineered_univariate_selected__best_candidate__C_10p0__class_weight_balanced,linear_svm_classifier,linear_svm,"LinearSVC(C=10.0,class_weight='balanced',tol=1e-2)",best_candidate,engineered_univariate_selected,48,"{""C"": 10.0, ""class_weight"": ""balanced""}",completed,,bbob_validation,64800,9.968649292000919,10.993849791993853,0.0008401250015594997,0.8093445916860839,0.1351508826440712,1.1235770966545526,0.0001080246913580247,-3.245739696354405e-05,0.0,0.0,2.1032393232376547
softmax_logistic_classifier__engineered_univariate_selected__best_candidate__C_10p0__class_weight_null__penalty_l2,softmax_logistic_classifier,softmax_logistic,"LogisticRegression(C=10.0,class_weight=None)",best_candidate,engineered_univariate_selected,48,"{""C"": 10.0, ""class_weight"": null, ""penalty"": ""l2""}",completed,,bbob_train,194400,9.968649292000919,9.69684929199866,0.0029366250018938445,0.8153458673710527,0.20748997451408546,0.27654641143016295,0.015864197530864196,0.0006163764724531881,0.129483888351038,0.3333333333333333,205.3249940606039
softmax_logistic_classifier__engineered_univariate_selected__best_candidate__C_10p0__class_weight_null__penalty_l2,softmax_logistic_classifier,softmax_logistic,"LogisticRegression(C=10.0,class_weight=None)",best_candidate,engineered_univariate_selected,48,"{""C"": 10.0, ""class_weight"": null, ""penalty"": ""l2""}",completed,,bbob_validation,64800,9.968649292000919,9.69684929199866,0.0010137499994016252,0.801824986751095,0.12619447576347642,0.27654641143016295,0.03518518518518519,-0.0034109973088999766,0.022457279843682388,0.08464912280701754,237.71924992268066
linear_svm_classifier__engineered_univariate_selected__best_candidate__C_10p0__class_weight_null,linear_svm_classifier,linear_svm,"LinearSVC(C=10.0,class_weight=None,tol=1e-2)",best_candidate,engineered_univariate_selected,48,"{""C"": 10.0, ""class_weight"": null}",completed,,bbob_train,194400,9.968649292000919,2.5776147910000873,0.002398791999439709,0.8124909658911543,0.20433503301791878,-0.5727520104757499,0.019963991769547326,0.0005626240582477697,0.14293104436510165,0.321308940994589,249.5417817937206
linear_svm_classifier__engineered_univariate_selected__best_candidate__C_10p0__class_weight_null,linear_svm_classifier,linear_svm,"LinearSVC(C=10.0,class_weight=None,tol=1e-2)",best_candidate,engineered_univariate_selected,48,"{""C"": 10.0, ""class_weight"": null}",completed,,bbob_validation,64800,9.968649292000919,2.5776147910000873,0.0008410419977735728,0.8046907781609065,0.13058895393668707,-0.5727520104757499,0.038842592592592595,-0.003624743518182743,0.031617404353026124,0.09217322208978942,258.3763297763029
linear_svm_classifier__engineered_interaction_selected__best_candidate__C_0p03__class_weight_balanced,linear_svm_classifier,linear_svm,"LinearSVC(C=0.03,class_weight='balanced',tol=1e-2)",best_candidate,engineered_interaction_selected,96,"{""C"": 0.03, ""class_weight"": ""balanced""}",skipped,skipped_slow_solver,bbob_train,194400,,,,,,,,,,,
linear_svm_classifier__engineered_interaction_selected__best_candidate__C_0p03__class_weight_balanced,linear_svm_classifier,linear_svm,"LinearSVC(C=0.03,class_weight='balanced',tol=1e-2)",best_candidate,engineered_interaction_selected,96,"{""C"": 0.03, ""class_weight"": ""balanced""}",skipped,skipped_slow_solver,bbob_validation,64800,,,,,,,,,,,
linear_svm_classifier__engineered_interaction_selected__best_candidate__C_0p03__class_weight_null,linear_svm_classifier,linear_svm,"LinearSVC(C=0.03,class_weight=None,tol=1e-2)",best_candidate,engineered_interaction_selected,96,"{""C"": 0.03, ""class_weight"": null}",skipped,skipped_slow_solver,bbob_train,194400,,,,,,,,,,,
linear_svm_classifier__engineered_interaction_selected__best_candidate__C_0p03__class_weight_null,linear_svm_classifier,linear_svm,"LinearSVC(C=0.03,class_weight=None,tol=1e-2)",best_candidate,engineered_interaction_selected,96,"{""C"": 0.03, ""class_weight"": null}",skipped,skipped_slow_solver,bbob_validation,64800,,,,,,,,,,,
linear_svm_classifier__engineered_interaction_selected__best_candidate__C_0p1__class_weight_balanced,linear_svm_classifier,linear_svm,"LinearSVC(C=0.1,class_weight='balanced',tol=1e-2)",best_candidate,engineered_interaction_selected,96,"{""C"": 0.1, ""class_weight"": ""balanced""}",skipped,skipped_slow_solver,bbob_train,194400,,,,,,,,,,,
linear_svm_classifier__engineered_interaction_selected__best_candidate__C_0p1__class_weight_balanced,linear_svm_classifier,linear_svm,"LinearSVC(C=0.1,class_weight='balanced',tol=1e-2)",best_candidate,engineered_interaction_selected,96,"{""C"": 0.1, ""class_weight"": ""balanced""}",skipped,skipped_slow_solver,bbob_validation,64800,,,,,,,,,,,
linear_svm_classifier__engineered_interaction_selected__best_candidate__C_0p1__class_weight_null,linear_svm_classifier,linear_svm,"LinearSVC(C=0.1,class_weight=None,tol=1e-2)",best_candidate,engineered_interaction_selected,96,"{""C"": 0.1, ""class_weight"": null}",skipped,skipped_slow_solver,bbob_train,194400,,,,,,,,,,,
linear_svm_classifier__engineered_interaction_selected__best_candidate__C_0p1__class_weight_null,linear_svm_classifier,linear_svm,"LinearSVC(C=0.1,class_weight=None,tol=1e-2)",best_candidate,engineered_interaction_selected,96,"{""C"": 0.1, ""class_weight"": null}",skipped,skipped_slow_solver,bbob_validation,64800,,,,,,,,,,,
linear_svm_classifier__engineered_interaction_selected__best_candidate__C_0p3__class_weight_balanced,linear_svm_classifier,linear_svm,"LinearSVC(C=0.3,class_weight='balanced',tol=1e-2)",best_candidate,engineered_interaction_selected,96,"{""C"": 0.3, ""class_weight"": ""balanced""}",skipped,skipped_slow_solver,bbob_train,194400,,,,,,,,,,,
linear_svm_classifier__engineered_interaction_selected__best_candidate__C_0p3__class_weight_balanced,linear_svm_classifier,linear_svm,"LinearSVC(C=0.3,class_weight='balanced',tol=1e-2)",best_candidate,engineered_interaction_selected,96,"{""C"": 0.3, ""class_weight"": ""balanced""}",skipped,skipped_slow_solver,bbob_validation,64800,,,,,,,,,,,
linear_svm_classifier__engineered_interaction_selected__best_candidate__C_0p3__class_weight_null,linear_svm_classifier,linear_svm,"LinearSVC(C=0.3,class_weight=None,tol=1e-2)",best_candidate,engineered_interaction_selected,96,"{""C"": 0.3, ""class_weight"": null}",skipped,skipped_slow_solver,bbob_train,194400,,,,,,,,,,,
linear_svm_classifier__engineered_interaction_selected__best_candidate__C_0p3__class_weight_null,linear_svm_classifier,linear_svm,"LinearSVC(C=0.3,class_weight=None,tol=1e-2)",best_candidate,engineered_interaction_selected,96,"{""C"": 0.3, ""class_weight"": null}",skipped,skipped_slow_solver,bbob_validation,64800,,,,,,,,,,,
linear_svm_classifier__engineered_interaction_selected__best_candidate__C_1p0__class_weight_balanced,linear_svm_classifier,linear_svm,"LinearSVC(C=1.0,class_weight='balanced',tol=1e-2)",best_candidate,engineered_interaction_selected,96,"{""C"": 1.0, ""class_weight"": ""balanced""}",skipped,skipped_slow_solver,bbob_train,194400,,,,,,,,,,,
linear_svm_classifier__engineered_interaction_selected__best_candidate__C_1p0__class_weight_balanced,linear_svm_classifier,linear_svm,"LinearSVC(C=1.0,class_weight='balanced',tol=1e-2)",best_candidate,engineered_interaction_selected,96,"{""C"": 1.0, ""class_weight"": ""balanced""}",skipped,skipped_slow_solver,bbob_validation,64800,,,,,,,,,,,
linear_svm_classifier__engineered_interaction_selected__best_candidate__C_1p0__class_weight_null,linear_svm_classifier,linear_svm,"LinearSVC(C=1.0,class_weight=None,tol=1e-2)",best_candidate,engineered_interaction_selected,96,"{""C"": 1.0, ""class_weight"": null}",skipped,skipped_slow_solver,bbob_train,194400,,,,,,,,,,,
linear_svm_classifier__engineered_interaction_selected__best_candidate__C_1p0__class_weight_null,linear_svm_classifier,linear_svm,"LinearSVC(C=1.0,class_weight=None,tol=1e-2)",best_candidate,engineered_interaction_selected,96,"{""C"": 1.0, ""class_weight"": null}",skipped,skipped_slow_solver,bbob_validation,64800,,,,,,,,,,,
linear_svm_classifier__engineered_interaction_selected__best_candidate__C_3p0__class_weight_balanced,linear_svm_classifier,linear_svm,"LinearSVC(C=3.0,class_weight='balanced',tol=1e-2)",best_candidate,engineered_interaction_selected,96,"{""C"": 3.0, ""class_weight"": ""balanced""}",skipped,skipped_slow_solver,bbob_train,194400,,,,,,,,,,,
linear_svm_classifier__engineered_interaction_selected__best_candidate__C_3p0__class_weight_balanced,linear_svm_classifier,linear_svm,"LinearSVC(C=3.0,class_weight='balanced',tol=1e-2)",best_candidate,engineered_interaction_selected,96,"{""C"": 3.0, ""class_weight"": ""balanced""}",skipped,skipped_slow_solver,bbob_validation,64800,,,,,,,,,,,
linear_svm_classifier__engineered_interaction_selected__best_candidate__C_3p0__class_weight_null,linear_svm_classifier,linear_svm,"LinearSVC(C=3.0,class_weight=None,tol=1e-2)",best_candidate,engineered_interaction_selected,96,"{""C"": 3.0, ""class_weight"": null}",skipped,skipped_slow_solver,bbob_train,194400,,,,,,,,,,,
linear_svm_classifier__engineered_interaction_selected__best_candidate__C_3p0__class_weight_null,linear_svm_classifier,linear_svm,"LinearSVC(C=3.0,class_weight=None,tol=1e-2)",best_candidate,engineered_interaction_selected,96,"{""C"": 3.0, ""class_weight"": null}",skipped,skipped_slow_solver,bbob_validation,64800,,,,,,,,,,,
linear_svm_classifier__engineered_interaction_selected__best_candidate__C_10p0__class_weight_balanced,linear_svm_classifier,linear_svm,"LinearSVC(C=10.0,class_weight='balanced',tol=1e-2)",best_candidate,engineered_interaction_selected,96,"{""C"": 10.0, ""class_weight"": ""balanced""}",skipped,skipped_slow_solver,bbob_train,194400,,,,,,,,,,,
linear_svm_classifier__engineered_interaction_selected__best_candidate__C_10p0__class_weight_balanced,linear_svm_classifier,linear_svm,"LinearSVC(C=10.0,class_weight='balanced',tol=1e-2)",best_candidate,engineered_interaction_selected,96,"{""C"": 10.0, ""class_weight"": ""balanced""}",skipped,skipped_slow_solver,bbob_validation,64800,,,,,,,,,,,
linear_svm_classifier__engineered_interaction_selected__best_candidate__C_10p0__class_weight_null,linear_svm_classifier,linear_svm,"LinearSVC(C=10.0,class_weight=None,tol=1e-2)",best_candidate,engineered_interaction_selected,96,"{""C"": 10.0, ""class_weight"": null}",skipped,skipped_slow_solver,bbob_train,194400,,,,,,,,,,,
linear_svm_classifier__engineered_interaction_selected__best_candidate__C_10p0__class_weight_null,linear_svm_classifier,linear_svm,"LinearSVC(C=10.0,class_weight=None,tol=1e-2)",best_candidate,engineered_interaction_selected,96,"{""C"": 10.0, ""class_weight"": null}",skipped,skipped_slow_solver,bbob_validation,64800,,,,,,,,,,,
lda_classifier__engineered_interaction_selected__best_candidate__shrinkage_null__solver_svd,lda_classifier,lda,LinearDiscriminantAnalysis(solver='svd'),best_candidate,engineered_interaction_selected,96,"{""shrinkage"": null, ""solver"": ""svd""}",completed,,bbob_train,194400,25.349868833000073,0.7416321250057081,0.005466000002343208,0.8353057069846775,0.24015500272360632,0.5128800229350212,0.024228395061728396,0.0009005771923083504,0.18154777056701107,0.37154989384288745,280.81462737604176
lda_classifier__engineered_interaction_selected__best_candidate__shrinkage_null__solver_svd,lda_classifier,lda,LinearDiscriminantAnalysis(solver='svd'),best_candidate,engineered_interaction_selected,96,"{""shrinkage"": null, ""solver"": ""svd""}",completed,,bbob_validation,64800,25.349868833000073,0.7416321250057081,0.0021945839980617166,0.8240055219532739,0.1710523323815198,0.5128800229350212,0.026712962962962963,0.002479020535363581,0.3514426581875004,0.267475447718082,100.49490704104042
lda_classifier__engineered_interaction_selected__best_candidate__shrinkage_null__solver_lsqr,lda_classifier,lda,"LinearDiscriminantAnalysis(solver='lsqr',shrinkage=None)",best_candidate,engineered_interaction_selected,96,"{""shrinkage"": null, ""solver"": ""lsqr""}",completed,,bbob_train,194400,25.349868833000073,0.12528891699912492,0.005130208999617025,0.8352388036387228,0.24029502314503212,0.013004155359163423,0.024434156378600823,0.0008675489577887712,0.18051634286908544,0.3696842105263158,284.6452854227527
lda_classifier__engineered_interaction_selected__best_candidate__shrinkage_null__solver_lsqr,lda_classifier,lda,"LinearDiscriminantAnalysis(solver='lsqr',shrinkage=None)",best_candidate,engineered_interaction_selected,96,"{""shrinkage"": null, ""solver"": ""lsqr""}",completed,,bbob_validation,64800,25.349868833000073,0.12528891699912492,0.0018927499986602925,0.8236696957010571,0.17074358044879898,0.013004155359163423,0.026651234567901236,0.0024550072372368534,0.3493728945663013,0.26635784597568035,100.51305463160561
lda_classifier__engineered_interaction_selected__best_candidate__shrinkage_auto__solver_lsqr,lda_classifier,lda,"LinearDiscriminantAnalysis(solver='lsqr',shrinkage='auto')",best_candidate,engineered_interaction_selected,96,"{""shrinkage"": ""auto"", ""solver"": ""lsqr""}",completed,,bbob_train,194400,25.349868833000073,0.19624649999605026,0.005212500000197906,0.7201300544005795,0.15563742900022098,0.9974674411968414,0.0035956790123456792,0.00013478250155274013,0.022689058804339107,0.3319027181688126,30.773055568844168
lda_classifier__engineered_interaction_selected__best_candidate__shrinkage_auto__solver_lsqr,lda_classifier,lda,"LinearDiscriminantAnalysis(solver='lsqr',shrinkage='auto')",best_candidate,engineered_interaction_selected,96,"{""shrinkage"": ""auto"", ""solver"": ""lsqr""}",completed,,bbob_validation,64800,25.349868833000073,0.19624649999605026,0.0018934580002678558,0.8061060268822384,0.18142018048732592,0.9974674411968414,0.006481481481481481,0.0008197945928745139,0.09109281301768825,0.28809523809523807,14.562780678216948
lda_classifier__engineered_interaction_selected__best_candidate__shrinkage_0p1__solver_lsqr,lda_classifier,lda,"LinearDiscriminantAnalysis(solver='lsqr',shrinkage=0.1)",best_candidate,engineered_interaction_selected,96,"{""shrinkage"": 0.1, ""solver"": ""lsqr""}",completed,,bbob_train,194400,25.349868833000073,0.12597933399956673,0.005090291997476015,0.5558915786708598,0.11574081854928556,0.07303953495379216,0.004372427983539095,0.00011874549213381058,0.025537651062710866,0.3035294117647059,41.04378516110646
lda_classifier__engineered_interaction_selected__best_candidate__shrinkage_0p1__solver_lsqr,lda_classifier,lda,"LinearDiscriminantAnalysis(solver='lsqr',shrinkage=0.1)",best_candidate,engineered_interaction_selected,96,"{""shrinkage"": 0.1, ""solver"": ""lsqr""}",completed,,bbob_validation,64800,25.349868833000073,0.12597933399956673,0.0017660410012467764,0.5866878197217397,0.16375945975832604,0.07303953495379216,0.00018518518518518518,1.716684370240607e-05,0.002039742524111734,0.25,0.40319582414414573
lda_classifier__engineered_interaction_selected__best_candidate__shrinkage_0p3__solver_lsqr,lda_classifier,lda,"LinearDiscriminantAnalysis(solver='lsqr',shrinkage=0.3)",best_candidate,engineered_interaction_selected,96,"{""shrinkage"": 0.3, ""solver"": ""lsqr""}",completed,,bbob_train,194400,25.349868833000073,0.12426187500386732,0.005089917001896538,0.5535325067568221,0.10955201697453228,0.9487667094956227,7.20164609053498e-05,1.0543436899558936e-05,0.0011212504419304888,0.6428571428571429,0.7659416048697766
lda_classifier__engineered_interaction_selected__best_candidate__shrinkage_0p3__solver_lsqr,lda_classifier,lda,"LinearDiscriminantAnalysis(solver='lsqr',shrinkage=0.3)",best_candidate,engineered_interaction_selected,96,"{""shrinkage"": 0.3, ""solver"": ""lsqr""}",completed,,bbob_validation,64800,25.349868833000073,0.12426187500386732,0.001764375003403984,0.5835398340199511,0.16332315935240113,0.9487667094956227,1.54320987654321e-05,-2.255713885782998e-06,0.0,0.0,0.14617025979873827
lda_classifier__engineered_interaction_selected__best_candidate__shrinkage_0p5__solver_lsqr,lda_classifier,lda,"LinearDiscriminantAnalysis(solver='lsqr',shrinkage=0.5)",best_candidate,engineered_interaction_selected,96,"{""shrinkage"": 0.5, ""solver"": ""lsqr""}",completed,,bbob_train,194400,25.349868833000073,0.12350920799508458,0.005161875000339933,0.5528294982559488,0.1053364084270722,0.9781414731623207,7.20164609053498e-05,1.0543436899558936e-05,0.0011212504419304888,0.6428571428571429,0.7659416048697766
lda_classifier__engineered_interaction_selected__best_candidate__shrinkage_0p5__solver_lsqr,lda_classifier,lda,"LinearDiscriminantAnalysis(solver='lsqr',shrinkage=0.5)",best_candidate,engineered_interaction_selected,96,"{""shrinkage"": 0.5, ""solver"": ""lsqr""}",completed,,bbob_validation,64800,25.349868833000073,0.12350920799508458,0.001764000000548549,0.5822104016831767,0.16309690692853673,0.9781414731623207,1.54320987654321e-05,-2.255713885782998e-06,0.0,0.0,0.14617025979873827
lda_classifier__engineered_interaction_selected__best_candidate__shrinkage_0p7__solver_lsqr,lda_classifier,lda,"LinearDiscriminantAnalysis(solver='lsqr',shrinkage=0.7)",best_candidate,engineered_interaction_selected,96,"{""shrinkage"": 0.7, ""solver"": ""lsqr""}",completed,,bbob_train,194400,25.349868833000073,0.12316679200012004,0.005123499999172054,0.5524603619855739,0.1028203737055062,0.9928537928584896,7.20164609053498e-05,1.0543436899558936e-05,0.0011212504419304888,0.6428571428571429,0.7659416048697766
lda_classifier__engineered_interaction_selected__best_candidate__shrinkage_0p7__solver_lsqr,lda_classifier,lda,"LinearDiscriminantAnalysis(solver='lsqr',shrinkage=0.7)",best_candidate,engineered_interaction_selected,96,"{""shrinkage"": 0.7, ""solver"": ""lsqr""}",completed,,bbob_validation,64800,25.349868833000073,0.12316679200012004,0.001850291999289766,0.5809357077965663,0.16284703817965732,0.9928537928584896,1.54320987654321e-05,-2.255713885782998e-06,0.0,0.0,0.14617025979873827
softmax_logistic_classifier__engineered_interaction_selected__best_candidate__C_0p03__class_weight_balanced__penalty_l2,softmax_logistic_classifier,softmax_logistic,"LogisticRegression(C=0.03,class_weight='balanced')",best_candidate,engineered_interaction_selected,96,"{""C"": 0.03, ""class_weight"": ""balanced"", ""penalty"": ""l2""}",completed,,bbob_train,194400,25.349868833000073,14.179283874997054,0.005508665999514051,0.8176530403143827,0.2035926022345457,0.9171545666941406,0.0036831275720164607,3.767402505734768e-05,0.022794486601749656,0.31424581005586594,49.915684434817976
softmax_logistic_classifier__engineered_interaction_selected__best_candidate__C_0p03__class_weight_balanced__penalty_l2,softmax_logistic_classifier,softmax_logistic,"LogisticRegression(C=0.03,class_weight='balanced')",best_candidate,engineered_interaction_selected,96,"{""C"": 0.03, ""class_weight"": ""balanced"", ""penalty"": ""l2""}",completed,,bbob_validation,64800,25.349868833000073,14.179283874997054,0.0018364170027780347,0.8349368770458994,0.17393874494461467,0.9171545666941406,0.024444444444444446,0.0015464522036124073,0.25848363183455625,0.21906565656565657,91.85319622016726
softmax_logistic_classifier__engineered_interaction_selected__best_candidate__C_0p03__class_weight_null__penalty_l2,softmax_logistic_classifier,softmax_logistic,"LogisticRegression(C=0.03,class_weight=None)",best_candidate,engineered_interaction_selected,96,"{""C"": 0.03, ""class_weight"": null, ""penalty"": ""l2""}",completed,,bbob_train,194400,25.349868833000073,10.048840083996765,0.0051202079994254746,0.7981199477132356,0.20599372175624664,0.26454189997185346,0.019176954732510288,0.0003986194667244252,0.1122857709741153,0.3446888412017167,204.47055247460787
softmax_logistic_classifier__engineered_interaction_selected__best_candidate__C_0p03__class_weight_null__penalty_l2,softmax_logistic_classifier,softmax_logistic,"LogisticRegression(C=0.03,class_weight=None)",best_candidate,engineered_interaction_selected,96,"{""C"": 0.03, ""class_weight"": null, ""penalty"": ""l2""}",completed,,bbob_validation,64800,25.349868833000073,10.048840083996765,0.0018217499964521267,0.8289261132606147,0.1615469160104563,0.26454189997185346,0.0608179012345679,0.0004789167073936063,0.4411825762829205,0.1943669119512814,296.78185232948175
softmax_logistic_classifier__engineered_interaction_selected__best_candidate__C_0p1__class_weight_balanced__penalty_l2,softmax_logistic_classifier,softmax_logistic,"LogisticRegression(C=0.1,class_weight='balanced')",best_candidate,engineered_interaction_selected,96,"{""C"": 0.1, ""class_weight"": ""balanced"", ""penalty"": ""l2""}",completed,,bbob_train,194400,25.349868833000073,14.499072999999044,0.0052976250008214265,0.828158700751318,0.21199527915966657,0.999999999829994,8.74485596707819e-05,2.917219724837682e-06,0.0005794079409431635,0.29411764705882354,0.8878508730915553
softmax_logistic_classifier__engineered_interaction_selected__best_candidate__C_0p1__class_weight_balanced__penalty_l2,softmax_logistic_classifier,softmax_logistic,"LogisticRegression(C=0.1,class_weight='balanced')",best_candidate,engineered_interaction_selected,96,"{""C"": 0.1, ""class_weight"": ""balanced"", ""penalty"": ""l2""}",completed,,bbob_validation,64800,25.349868833000073,14.499072999999044,0.0018029169950750656,0.8364253509087377,0.17084918643387687,0.999999999829994,1.54320987654321e-05,-2.255713885782998e-06,0.0,0.0,0.14617025979873827
softmax_logistic_classifier__engineered_interaction_selected__best_candidate__C_0p1__class_weight_null__penalty_l2,softmax_logistic_classifier,softmax_logistic,"LogisticRegression(C=0.1,class_weight=None)",best_candidate,engineered_interaction_selected,96,"{""C"": 0.1, ""class_weight"": null, ""penalty"": ""l2""}",completed,,bbob_train,194400,25.349868833000073,12.82759191700461,0.005234500000369735,0.8107564431956711,0.21663991403511249,0.26220215192151664,0.02178497942386831,0.0004325038500256873,0.13027091566825852,0.34663518299881935,243.0461458105679
softmax_logistic_classifier__engineered_interaction_selected__best_candidate__C_0p1__class_weight_null__penalty_l2,softmax_logistic_classifier,softmax_logistic,"LogisticRegression(C=0.1,class_weight=None)",best_candidate,engineered_interaction_selected,96,"{""C"": 0.1, ""class_weight"": null, ""penalty"": ""l2""}",completed,,bbob_validation,64800,25.349868833000073,12.82759191700461,0.0018652090002433397,0.82983809712598,0.1597969602477016,0.26220215192151664,0.062330246913580245,-0.00043105631221577637,0.38952664379431023,0.17801435999009657,317.3657556208726
softmax_logistic_classifier__engineered_interaction_selected__best_candidate__C_0p3__class_weight_balanced__penalty_l2,softmax_logistic_classifier,softmax_logistic,"LogisticRegression(C=0.3,class_weight='balanced')",best_candidate,engineered_interaction_selected,96,"{""C"": 0.3, ""class_weight"": ""balanced"", ""penalty"": ""l2""}",completed,,bbob_train,194400,25.349868833000073,14.276227999995172,0.00536899999860907,0.835939378488267,0.21430882401339665,0.9999999999984321,8.23045267489712e-05,2.5214132133079635e-06,0.000548766226162437,0.25,0.8878508730915553
softmax_logistic_classifier__engineered_interaction_selected__best_candidate__C_0p3__class_weight_balanced__penalty_l2,softmax_logistic_classifier,softmax_logistic,"LogisticRegression(C=0.3,class_weight='balanced')",best_candidate,engineered_interaction_selected,96,"{""C"": 0.3, ""class_weight"": ""balanced"", ""penalty"": ""l2""}",completed,,bbob_validation,64800,25.349868833000073,14.276227999995172,0.0017869999937829562,0.8379105227957151,0.1695877846142979,0.9999999999984321,1.54320987654321e-05,-2.255713885782998e-06,0.0,0.0,0.14617025979873827
softmax_logistic_classifier__engineered_interaction_selected__best_candidate__C_0p3__class_weight_null__penalty_l2,softmax_logistic_classifier,softmax_logistic,"LogisticRegression(C=0.3,class_weight=None)",best_candidate,engineered_interaction_selected,96,"{""C"": 0.3, ""class_weight"": null, ""penalty"": ""l2""}",completed,,bbob_train,194400,25.349868833000073,12.73130429199955,0.005141000001458451,0.8186465678963927,0.2246150978118163,0.2531316377502682,0.025771604938271606,0.0005454357770777644,0.15988004648393547,0.3435129740518962,295.4440307725681
softmax_logistic_classifier__engineered_interaction_selected__best_candidate__C_0p3__class_weight_null__penalty_l2,softmax_logistic_classifier,softmax_logistic,"LogisticRegression(C=0.3,class_weight=None)",best_candidate,engineered_interaction_selected,96,"{""C"": 0.3, ""class_weight"": null, ""penalty"": ""l2""}",completed,,bbob_validation,64800,25.349868833000073,12.73130429199955,0.001750000003085006,0.8305911969104878,0.15868754237265711,0.2531316377502682,0.06302469135802469,-0.0007490081035539879,0.3749998624026894,0.17238001958863858,327.17507334202696
softmax_logistic_classifier__engineered_interaction_selected__best_candidate__C_1p0__class_weight_balanced__penalty_l2,softmax_logistic_classifier,softmax_logistic,"LogisticRegression(C=1.0,class_weight='balanced')",best_candidate,engineered_interaction_selected,96,"{""C"": 1.0, ""class_weight"": ""balanced"", ""penalty"": ""l2""}",completed,,bbob_train,194400,25.349868833000073,14.918974665997666,0.0054102909998619,0.8413689304539905,0.21640207290415664,0.9999999999999998,8.74485596707819e-05,2.29118154131039e-06,0.000548766226162437,0.23529411764705882,0.9326079101278838
softmax_logistic_classifier__engineered_interaction_selected__best_candidate__C_1p0__class_weight_balanced__penalty_l2,softmax_logistic_classifier,softmax_logistic,"LogisticRegression(C=1.0,class_weight='balanced')",best_candidate,engineered_interaction_selected,96,"{""C"": 1.0, ""class_weight"": ""balanced"", ""penalty"": ""l2""}",completed,,bbob_validation,64800,25.349868833000073,14.918974665997666,0.0018129999953089282,0.8324137345139246,0.15596911424656584,0.9999999999999998,1.54320987654321e-05,-2.255713885782998e-06,0.0,0.0,0.14617025979873827
softmax_logistic_classifier__engineered_interaction_selected__best_candidate__C_1p0__class_weight_null__penalty_l2,softmax_logistic_classifier,softmax_logistic,"LogisticRegression(C=1.0,class_weight=None)",best_candidate,engineered_interaction_selected,96,"{""C"": 1.0, ""class_weight"": null, ""penalty"": ""l2""}",completed,,bbob_train,194400,25.349868833000073,12.761563915999432,0.005148459000338335,0.8200103177898175,0.22337356548428905,0.25913920204011753,0.023410493827160494,0.0005158993117011033,0.14684868358174458,0.34805537244561635,268.46270441360684
softmax_logistic_classifier__engineered_interaction_selected__best_candidate__C_1p0__class_weight_null__penalty_l2,softmax_logistic_classifier,softmax_logistic,"LogisticRegression(C=1.0,class_weight=None)",best_candidate,engineered_interaction_selected,96,"{""C"": 1.0, ""class_weight"": null, ""penalty"": ""l2""}",completed,,bbob_validation,64800,25.349868833000073,12.761563915999432,0.001756874997226987,0.830668856758647,0.1589757463813846,0.25913920204011753,0.059521604938271605,-0.0007055612518082629,0.3573851396345738,0.17267306196525797,311.27129955604676
softmax_logistic_classifier__engineered_interaction_selected__best_candidate__C_3p0__class_weight_balanced__penalty_l2,softmax_logistic_classifier,softmax_logistic,"LogisticRegression(C=3.0,class_weight='balanced')",best_candidate,engineered_interaction_selected,96,"{""C"": 3.0, ""class_weight"": ""balanced"", ""penalty"": ""l2""}",completed,,bbob_train,194400,25.349868833000073,14.753198665996024,0.005366707999201026,0.8415441420870384,0.20040289707593859,1.0,0.0,0.0,0.0,0.0,-0.0
softmax_logistic_classifier__engineered_interaction_selected__best_candidate__C_3p0__class_weight_balanced__penalty_l2,softmax_logistic_classifier,softmax_logistic,"LogisticRegression(C=3.0,class_weight='balanced')",best_candidate,engineered_interaction_selected,96,"{""C"": 3.0, ""class_weight"": ""balanced"", ""penalty"": ""l2""}",completed,,bbob_validation,64800,25.349868833000073,14.753198665996024,0.0018190000046161003,0.8370819061672491,0.1690303626706347,1.0,0.0,0.0,0.0,0.0,-0.0
softmax_logistic_classifier__engineered_interaction_selected__best_candidate__C_3p0__class_weight_null__penalty_l2,softmax_logistic_classifier,softmax_logistic,"LogisticRegression(C=3.0,class_weight=None)",best_candidate,engineered_interaction_selected,96,"{""C"": 3.0, ""class_weight"": null, ""penalty"": ""l2""}",completed,,bbob_train,194400,25.349868833000073,14.784826791998057,0.00567908300581621,0.8281890250858006,0.2210686220850584,0.31840831372706446,0.016301440329218108,0.0003533426449438902,0.1180483419483463,0.34774376775007887,227.74282928662473
softmax_logistic_classifier__engineered_interaction_selected__best_candidate__C_3p0__class_weight_null__penalty_l2,softmax_logistic_classifier,softmax_logistic,"LogisticRegression(C=3.0,class_weight=None)",best_candidate,engineered_interaction_selected,96,"{""C"": 3.0, ""class_weight"": null, ""penalty"": ""l2""}",completed,,bbob_validation,64800,25.349868833000073,14.784826791998057,0.0018534580012783408,0.8170706204073699,0.14147483180659884,0.31840831372706446,0.02236111111111111,-0.0009457860663351684,0.08263220334614889,0.13595583160800553,122.68584838291264
softmax_logistic_classifier__engineered_interaction_selected__best_candidate__C_10p0__class_weight_balanced__penalty_l2,softmax_logistic_classifier,softmax_logistic,"LogisticRegression(C=10.0,class_weight='balanced')",best_candidate,engineered_interaction_selected,96,"{""C"": 10.0, ""class_weight"": ""balanced"", ""penalty"": ""l2""}",completed,,bbob_train,194400,25.349868833000073,16.447861792003096,0.005473666999023408,0.8360030230215523,0.21736053546395537,0.9999999998499551,0.00010288065843621399,2.520960016745492e-06,0.0006571825220908181,0.3,1.160184465058279
softmax_logistic_classifier__engineered_interaction_selected__best_candidate__C_10p0__class_weight_balanced__penalty_l2,softmax_logistic_classifier,softmax_logistic,"LogisticRegression(C=10.0,class_weight='balanced')",best_candidate,engineered_interaction_selected,96,"{""C"": 10.0, ""class_weight"": ""balanced"", ""penalty"": ""l2""}",completed,,bbob_validation,64800,25.349868833000073,16.447861792003096,0.0019462909986032173,0.8383653120219583,0.17283335731166302,0.9999999998499551,1.54320987654321e-05,-2.255713885782998e-06,0.0,0.0,0.14617025979873827
softmax_logistic_classifier__engineered_interaction_selected__best_candidate__C_10p0__class_weight_null__penalty_l2,softmax_logistic_classifier,softmax_logistic,"LogisticRegression(C=10.0,class_weight=None)",best_candidate,engineered_interaction_selected,96,"{""C"": 10.0, ""class_weight"": null, ""penalty"": ""l2""}",completed,,bbob_train,194400,25.349868833000073,14.712290333001874,0.00543479200132424,0.8252148558430796,0.2282308143469498,0.24205292448659238,0.03058641975308642,0.0006554116936274987,0.19419372511572908,0.33921964345778677,360.2302119039059
softmax_logistic_classifier__engineered_interaction_selected__best_candidate__C_10p0__class_weight_null__penalty_l2,softmax_logistic_classifier,softmax_logistic,"LogisticRegression(C=10.0,class_weight=None)",best_candidate,engineered_interaction_selected,96,"{""C"": 10.0, ""class_weight"": null, ""penalty"": ""l2""}",completed,,bbob_validation,64800,25.349868833000073,14.712290333001874,0.0023451249944628216,0.8328244434557953,0.16072829324728521,0.24205292448659238,0.07049382716049382,-0.0012378156735676456,0.39869566578264687,0.17162872154115585,376.45669889832504
